Date,Adj Close,Close,High,Low,Open,Volume
2015-01-01,213.7008819580078,238.0124969482422,238.60000610351562,236.2624969482422,237.75,3544940
2015-01-02,216.67501831054688,241.3249969482422,242.3249969482422,237.60000610351562,237.60000610351562,5900384
2015-01-05,214.84559631347656,239.28750610351562,242.6374969482422,238.77499389648438,242.5,4796000
2015-01-06,211.50112915039062,235.5625,239.1374969482422,234.3874969482422,238.5,8219680
2015-01-07,212.118408203125,236.25,237.83749389648438,234.0625,234.9250030517578,5746112
2015-01-08,216.57400512695312,241.21249389648438,242.2375030517578,237.0500030517578,238.5625,9525824
2015-01-09,218.99822998046875,243.91250610351562,245.0,241.64999389648438,243.22500610351562,8985184
2015-01-12,217.0678253173828,241.7624969482422,243.60000610351562,241.125,242.35000610351562,4126412
2015-01-13,216.23728942871094,240.83749389648438,242.9875030517578,238.9250030517578,242.2375030517578,5828348
2015-01-14,216.36074829101562,240.97500610351562,243.66250610351562,239.9250030517578,240.0124969482422,3685232
2015-01-15,222.9263458251953,248.28750610351562,249.5500030517578,242.6875,247.5,11398476
2015-01-16,224.7669219970703,250.33749389648438,253.72500610351562,249.6374969482422,250.5500030517578,7821308
2015-01-19,225.48519897460938,251.1374969482422,255.0,250.7375030517578,253.3125,4239492
2015-01-20,229.16644287109375,255.2375030517578,256.75,250.5,252.5,8505804
2015-01-21,228.94195556640625,254.9875030517578,258.23748779296875,254.58749389648438,256.8500061035156,6740612
2015-01-22,229.23374938964844,255.3125,258.125,254.6374969482422,256.25,6470680
2015-01-23,234.0709991455078,260.70001220703125,262.0,256.1000061035156,257.5,9987912
2015-01-27,241.08547973632812,268.51251220703125,269.4375,260.2250061035156,260.75,9962400
2015-01-28,237.5613250732422,264.5874938964844,273.29998779296875,263.75,267.5,11364940
2015-01-29,245.78794860839844,273.75,275.1499938964844,265.25,268.75,20567616
2015-01-30,241.826171875,269.3374938964844,273.63751220703125,266.0625,273.63751220703125,10570416
2015-02-02,242.7801055908203,270.3999938964844,273.25,263.0874938964844,267.125,5710352
2015-02-03,238.85202026367188,266.0249938964844,270.54998779296875,263.82501220703125,269.625,10200688
2015-02-04,239.66004943847656,266.92498779296875,270.20001220703125,264.3125,265.75,6197512
2015-02-05,241.6353302001953,269.125,273.20001220703125,267.5874938964844,268.75,8059148
2015-02-06,236.47271728515625,263.375,269.73748779296875,262.51251220703125,269.25,6903120
2015-02-09,233.4648895263672,260.0249938964844,262.9375,258.625,261.75,5231896
2015-02-10,236.6859588623047,263.61248779296875,265.57501220703125,257.5,257.5,9275752
2015-02-11,237.57261657714844,264.6000061035156,266.20001220703125,263.25,264.5,4161588
2015-02-12,241.52310180664062,269.0,270.4750061035156,263.17498779296875,266.2749938964844,5525740
2015-02-13,239.2336883544922,266.45001220703125,270.5,265.8999938964844,270.29998779296875,7714500
2015-02-16,239.62644958496094,266.88751220703125,271.25,265.625,268.95001220703125,7388716
2015-02-18,241.25379943847656,268.70001220703125,270.73748779296875,264.26251220703125,266.88751220703125,5381692
2015-02-19,242.3761444091797,269.95001220703125,271.2250061035156,265.95001220703125,268.5,4507004
2015-02-20,240.8610382080078,268.26251220703125,272.4750061035156,267.125,270.75,6206024
2015-02-23,239.61520385742188,266.875,270.38751220703125,265.5,269.2749938964844,5581564
2015-02-24,239.64889526367188,266.9125061035156,267.75,264.2749938964844,267.57501220703125,5846288
2015-02-25,236.23703002929688,263.11248779296875,268.70001220703125,262.5,267.5,4648524
2015-02-26,233.02719116210938,259.5375061035156,264.0,258.7749938964844,263.4125061035156,12426944
2015-02-27,236.5849151611328,263.5,264.63751220703125,261.36248779296875,261.36248779296875,10261784
2015-03-02,242.99342346191406,270.63751220703125,274.75,267.0,270.0874938964844,14385232
2015-03-03,243.1729278564453,270.8374938964844,273.0,269.26251220703125,271.61248779296875,6029348
2015-03-04,239.1213836669922,266.32501220703125,277.32501220703125,265.0,276.25,12277624
2015-03-05,243.56573486328125,271.2749938964844,272.5,265.625,266.25,9702452
2015-03-09,237.70729064941406,264.75,270.45001220703125,264.0,269.26251220703125,5755808
2015-03-10,236.25950622558594,263.13751220703125,265.5625,261.25,265.5,5134836
2015-03-11,237.1348876953125,264.11248779296875,265.4750061035156,262.5,262.7250061035156,5465536
2015-03-12,236.71961975097656,263.6499938964844,265.9750061035156,262.7749938964844,265.0249938964844,7530836
2015-03-13,234.03729248046875,260.6625061035156,266.0,258.6499938964844,265.0,5426780
2015-03-16,236.03504943847656,262.88751220703125,264.4750061035156,260.625,261.25,5348772
2015-03-17,237.49403381347656,264.51251220703125,266.4750061035156,260.7124938964844,265.0,5369304
2015-03-18,238.72857666015625,265.88751220703125,267.9750061035156,263.29998779296875,265.0375061035156,5148332
2015-03-19,236.18092346191406,263.04998779296875,268.45001220703125,262.17498779296875,267.75,5373572
2015-03-20,237.0114288330078,263.9750061035156,264.875,261.48748779296875,262.75,6483236
2015-03-23,235.1820068359375,261.9375,264.8500061035156,261.5,263.98748779296875,5446740
2015-03-24,232.98231506347656,259.48748779296875,264.25,258.86248779296875,260.82501220703125,8973564
2015-03-25,232.1517791748047,258.5625,261.67498779296875,257.7749938964844,260.01251220703125,10608900
2015-03-26,226.02394104003906,251.7375030517578,258.04998779296875,250.52499389648438,256.7250061035156,35800620
2015-03-27,227.7523193359375,253.66250610351562,255.8874969482422,252.02499389648438,253.7375030517578,10840896
2015-03-30,232.74661254882812,259.2250061035156,259.75,253.1999969482422,255.0,6955144
2015-03-31,229.55923461914062,255.6750030517578,259.9750061035156,253.71249389648438,259.9750061035156,5962256
2015-04-01,231.92730712890625,258.3125,259.2124938964844,253.25,256.5249938964844,3844196
2015-04-06,231.6355438232422,257.98748779296875,259.2124938964844,254.9499969482422,258.75,7151172
2015-04-07,231.81507873535156,258.1875,259.54998779296875,255.91250610351562,258.3125,6197072
2015-04-08,232.44357299804688,258.88751220703125,260.61248779296875,257.51251220703125,260.01251220703125,4106144
2015-04-09,237.05633544921875,264.0249938964844,264.75,257.5,259.5625,7002784
2015-04-10,234.03729248046875,260.6625061035156,263.25,258.7124938964844,263.25,6119324
2015-04-13,233.17312622070312,259.70001220703125,261.57501220703125,258.70001220703125,260.0,4563236
2015-04-15,231.5681915283203,257.9125061035156,262.17498779296875,256.29998779296875,260.0,4893996
2015-04-16,231.1192626953125,257.4125061035156,258.38751220703125,254.5,257.0,5610120
2015-04-17,228.5603790283203,254.5625,256.9624938964844,254.0124969482422,256.2749938964844,4049012
2015-04-20,225.60865783691406,251.27499389648438,256.25,250.64999389648438,255.0,5188880
2015-04-21,225.1372833251953,250.75,253.60000610351562,248.89999389648438,251.25,6510744
2015-04-22,227.40435791015625,253.27499389648438,255.25,248.375,251.625,6765936
2015-04-23,227.49417114257812,253.375,256.04998779296875,251.52499389648438,255.0124969482422,9627828
2015-04-24,225.9116973876953,251.6125030517578,254.75,250.08749389648438,254.72500610351562,7205244
2015-04-27,225.6872100830078,251.3625030517578,253.125,249.0,251.7375030517578,7370704
2015-04-28,225.48519897460938,251.1374969482422,252.8625030517578,247.52499389648438,249.8874969482422,7942108
2015-04-29,222.9263458251953,248.28750610351562,252.375,247.0,251.0,7863564
2015-04-30,221.9498748779297,247.1999969482422,248.75,244.7624969482422,247.75,15143684
2015-05-04,224.67715454101562,250.2375030517578,252.375,248.0,248.5124969482422,3141448
2015-05-05,221.69175720214844,246.91250610351562,250.97500610351562,246.46249389648438,249.7624969482422,5138004
2015-05-06,217.8646240234375,242.64999389648438,246.875,241.375,246.875,11007696
2015-05-07,213.53248596191406,237.8249969482422,242.5,236.0500030517578,242.0,11736664
2015-05-08,220.4235382080078,245.5,246.9499969482422,238.85000610351562,240.375,11571932
2015-05-11,222.2865753173828,247.5749969482422,248.1875,243.5124969482422,246.5124969482422,6731344
2015-05-12,218.16769409179688,242.9875030517578,247.5,241.75,247.5,11107568
2015-05-13,222.2753448486328,247.5625,248.35000610351562,242.89999389648438,243.96249389648438,7791848
2015-05-14,222.45497131347656,247.7624969482422,248.71249389648438,243.5,247.25,4455188
2015-05-15,222.24171447753906,247.52499389648438,249.3874969482422,246.0500030517578,248.72500610351562,8153624
2015-05-18,226.6748504638672,252.46249389648438,253.0,248.0,249.0,5713304
2015-05-19,226.15858459472656,251.8874969482422,254.5,249.52499389648438,251.58749389648438,4786348
2015-05-20,229.8622589111328,256.01251220703125,256.70001220703125,252.3874969482422,252.41250610351562,4008840
2015-05-21,230.00816345214844,256.17498779296875,257.5,253.77499389648438,256.0,3934380
2015-05-22,229.91836547851562,256.07501220703125,257.25,254.58749389648438,256.17498779296875,4689536
2015-05-25,229.75001525878906,255.8874969482422,257.75,254.39999389648438,257.1000061035156,4369060
2015-05-26,230.6142120361328,256.8500061035156,257.54998779296875,254.5124969482422,256.11248779296875,4906344
2015-05-27,233.02719116210938,259.5375061035156,260.0,255.35000610351562,255.9499969482422,3218592
2015-05-28,231.06314086914062,257.3500061035156,260.92498779296875,255.5500030517578,259.76251220703125,9561160
2015-05-29,235.8105926513672,262.63751220703125,263.5,256.7875061035156,257.48748779296875,5058680
2015-06-01,232.58950805664062,259.04998779296875,264.0,257.75,262.23748779296875,3841320
2015-06-02,226.4391632080078,252.1999969482422,260.07501220703125,251.22500610351562,259.6000061035156,4726008
2015-06-03,225.7096710205078,251.3874969482422,254.25,249.5,252.25,5824832
2015-06-04,227.8196258544922,253.7375030517578,254.46249389648438,248.75,252.21249389648438,5557588
2015-06-05,227.1013641357422,252.9375,254.625,250.625,252.5625,6753860
2015-06-08,225.2383270263672,250.8625030517578,253.0625,248.8874969482422,251.0625,3811996
2015-06-09,224.879150390625,250.46249389648438,251.5,249.27499389648438,251.25,6040260
2015-06-10,227.96551513671875,253.89999389648438,254.75,249.25,249.5,7986248
2015-06-11,224.50880432128906,250.0500030517578,254.6374969482422,248.6750030517578,254.39999389648438,9094176
2015-06-12,226.51773071289062,252.28750610351562,252.71249389648438,247.53750610351562,250.25,6528344
2015-06-15,225.63111877441406,251.3000030517578,253.4375,250.0,250.5,5999828
2015-06-16,226.34939575195312,252.10000610351562,252.6125030517578,249.2624969482422,250.0,6010524
2015-06-17,225.51890563964844,251.1750030517578,253.375,249.875,252.25,9686268
2015-06-18,228.86338806152344,254.89999389648438,255.9499969482422,250.5625,251.47500610351562,8431716
2015-06-19,231.31002807617188,257.625,258.73748779296875,253.28750610351562,256.20001220703125,3742324
2015-06-22,235.04733276367188,261.7875061035156,264.2250061035156,257.125,258.0249938964844,5449652
2015-06-23,236.15847778320312,263.0249938964844,265.29998779296875,260.625,263.0,5655180
2015-06-24,234.74436950683594,261.45001220703125,264.45001220703125,260.67498779296875,263.5,6267396
2015-06-25,239.0540313720703,266.25,267.7124938964844,260.6625061035156,262.0625,16573568
2015-06-26,238.5714569091797,265.7124938964844,267.73748779296875,262.875,266.75,5647504
2015-06-29,237.17974853515625,264.1625061035156,265.4375,257.625,261.2250061035156,6487836
2015-06-30,239.53665161132812,266.7875061035156,268.0,262.0,263.0625,7290136
2015-07-01,240.7038116455078,268.0874938964844,269.25,265.01251220703125,265.3374938964844,4971188
2015-07-02,239.3130645751953,264.54998779296875,266.92498779296875,263.9125061035156,266.25,4483444
2015-07-03,242.94271850585938,268.5625,269.0375061035156,263.51251220703125,263.51251220703125,4039288
2015-07-06,245.03463745117188,270.875,271.25,265.0625,266.01251220703125,3267780
2015-07-07,245.792236328125,271.7124938964844,272.875,269.625,269.625,4141472
2015-07-08,241.72149658203125,267.2124938964844,270.1499938964844,266.5,269.7749938964844,5400676
2015-07-09,242.8975372314453,268.51251220703125,269.2250061035156,265.0249938964844,265.67498779296875,2797964
2015-07-10,246.67425537109375,272.6875,273.75,267.125,267.45001220703125,4900088
2015-07-13,247.89547729492188,274.0375061035156,276.4750061035156,271.25,271.25,7076084
2015-07-14,246.92298889160156,272.9624938964844,275.4750061035156,271.5,273.875,5674116
2015-07-15,248.01983642578125,274.17498779296875,275.36248779296875,272.70001220703125,273.25,3849404
2015-07-16,252.09054565429688,278.67498779296875,279.75,274.5249938964844,274.70001220703125,7310424
2015-07-17,251.15203857421875,277.63751220703125,280.4375,276.3999938964844,279.8500061035156,3510988
2015-07-20,252.21495056152344,278.8125,279.75,276.75,278.98748779296875,4551268
2015-07-21,248.3251495361328,274.51251220703125,282.0,273.2749938964844,279.13751220703125,11028136
2015-07-22,252.02268981933594,278.6000061035156,279.26251220703125,272.1625061035156,274.1000061035156,7286400
2015-07-23,250.55274963378906,276.9750061035156,279.17498779296875,275.0249938964844,278.2250061035156,5083172
2015-07-24,250.54150390625,276.9624938964844,278.75,275.125,275.7875061035156,4761008
2015-07-27,247.8275909423828,273.9624938964844,276.125,267.5,275.9750061035156,3328572
2015-07-28,250.6884307861328,277.125,278.4750061035156,273.11248779296875,273.5,6345672
2015-07-29,250.65451049804688,277.0874938964844,279.4750061035156,276.26251220703125,276.2749938964844,3943032
2015-07-30,251.15203857421875,277.63751220703125,279.25,275.2749938964844,276.75,9462188
2015-07-31,251.40081787109375,277.9125061035156,280.25,275.75,278.8999938964844,5649500
2015-08-03,247.72584533691406,273.8500061035156,279.375,273.36248779296875,278.1875,4345728
2015-08-04,245.70176696777344,271.61248779296875,275.5,270.48748779296875,274.5249938964844,5390928
2015-08-05,247.0021514892578,273.04998779296875,274.42498779296875,271.29998779296875,273.0375061035156,4122780
2015-08-06,247.85020446777344,273.98748779296875,275.3374938964844,271.36248779296875,272.9750061035156,3743712
2015-08-07,247.1039276123047,273.1625061035156,274.375,272.1499938964844,273.48748779296875,3227140
2015-08-10,247.55624389648438,273.6625061035156,276.48748779296875,272.0,273.75,3954376
2015-08-11,247.5675048828125,273.67498779296875,274.7124938964844,271.0625,273.76251220703125,2727688
2015-08-12,242.08340454101562,267.61248779296875,273.7250061035156,266.92498779296875,272.1000061035156,6005740
2015-08-13,243.6890869140625,269.38751220703125,270.67498779296875,266.6499938964844,269.25,3465052
2015-08-14,249.17323303222656,275.45001220703125,275.9125061035156,269.9750061035156,270.7749938964844,3601660
2015-08-17,246.8438720703125,272.875,275.45001220703125,268.95001220703125,274.76251220703125,2500212
2015-08-18,245.6791229248047,271.5874938964844,274.0249938964844,269.61248779296875,272.8999938964844,1857316
2015-08-19,244.6614532470703,270.4624938964844,271.75,268.75,271.2124938964844,3004576
2015-08-20,243.0445098876953,268.67498779296875,271.1875,267.0,267.0,3044852
2015-08-21,240.01414489746094,265.32501220703125,268.23748779296875,262.75,266.0,7758972
2015-08-24,230.45924377441406,254.7624969482422,261.17498779296875,252.8125,261.17498779296875,14686328
2015-08-25,230.3235321044922,254.6125030517578,258.07501220703125,251.4250030517578,256.17498779296875,12347920
2015-08-26,229.20407104492188,253.375,257.25,252.25,254.35000610351562,5573000
2015-08-27,231.1489715576172,255.52499389648438,258.61248779296875,252.27499389648438,256.25,13873432
2015-08-28,232.47195434570312,256.98748779296875,260.6875,254.85000610351562,257.76251220703125,5553136
2015-08-31,232.35887145996094,256.86248779296875,258.2250061035156,253.8874969482422,255.27499389648438,3441460
2015-09-01,226.17364501953125,250.02499389648438,255.3249969482422,248.25,255.3249969482422,10469144
2015-09-02,225.05419921875,248.78750610351562,253.4875030517578,246.25,251.27499389648438,8681688
2015-09-03,228.48040771484375,252.5749969482422,253.75,249.75,250.5749969482422,6507368
2015-09-04,225.25775146484375,249.0124969482422,251.5,245.0,250.5500030517578,11404592
2015-09-07,222.6343994140625,246.1125030517578,252.4499969482422,245.0,250.25,5381740
2015-09-08,227.06695556640625,251.0124969482422,252.5,244.25,246.6750030517578,7444488
2015-09-09,229.83729553222656,254.0749969482422,256.25,251.25,253.625,6553120
2015-09-10,228.63870239257812,252.75,254.2375030517578,249.0749969482422,250.75,4463740
2015-09-11,228.525634765625,252.625,255.0,251.6999969482422,253.625,4301760
2015-09-14,230.60623168945312,254.9250030517578,255.5749969482422,250.875,252.21249389648438,5060344
2015-09-15,229.12493896484375,253.28750610351562,254.91250610351562,252.02499389648438,254.4875030517578,4332728
2015-09-16,231.43167114257812,255.83749389648438,257.0249938964844,252.8874969482422,254.72500610351562,4254052
2015-09-18,237.40203857421875,262.4375,265.5,257.7875061035156,258.75,7841168
2015-09-21,238.125732421875,263.23748779296875,263.75,259.0874938964844,259.48748779296875,4276688
2015-09-22,233.08255004882812,257.6625061035156,265.0,256.32501220703125,262.51251220703125,6025212
2015-09-23,237.27767944335938,262.29998779296875,263.36248779296875,254.66250610351562,254.8000030517578,5161152
2015-09-24,237.7751922607422,262.8500061035156,263.5,259.0,261.75,8252836
2015-09-28,236.6444549560547,261.6000061035156,265.0,260.7749938964844,263.75,5777108
2015-09-29,240.80564880371094,266.20001220703125,268.4750061035156,256.2749938964844,258.0,10418840
2015-09-30,241.71026611328125,267.20001220703125,268.25,265.3374938964844,267.0,9027796
2015-10-01,241.45016479492188,266.9125061035156,269.2250061035156,264.8374938964844,268.79998779296875,5034788
2015-10-05,248.39297485351562,274.5874938964844,276.20001220703125,269.29998779296875,269.29998779296875,8053372
2015-10-06,245.58868408203125,271.48748779296875,276.9750061035156,270.75,276.75,4758964
2015-10-07,245.9957733154297,271.9375,274.5874938964844,270.8374938964844,272.0,4386268
2015-10-08,244.94419860839844,270.7749938964844,272.67498779296875,268.8500061035156,272.0249938964844,3881908
2015-10-09,245.6339569091797,271.5375061035156,273.75,270.04998779296875,273.75,3443228
2015-10-12,244.36753845214844,270.13751220703125,273.875,269.45001220703125,271.92498779296875,2217340
2015-10-13,243.4176483154297,269.0874938964844,270.5375061035156,268.29998779296875,268.88751220703125,1823652
2015-10-14,245.31732177734375,271.1875,271.625,266.76251220703125,267.20001220703125,2749148
2015-10-15,245.18170166015625,271.0375061035156,274.125,270.25,271.42498779296875,3925952
2015-10-16,248.7774658203125,275.01251220703125,275.375,271.25,272.5,4843688
2015-10-19,248.26858520507812,274.45001220703125,275.5249938964844,273.57501220703125,275.0,2654220
2015-10-20,247.6127471923828,273.7250061035156,275.7250061035156,272.79998779296875,274.5,3851356
2015-10-21,247.63539123535156,273.75,276.0,271.25,274.7250061035156,7273204
2015-10-23,250.6884307861328,277.125,278.42498779296875,274.0,274.86248779296875,4467048
2015-10-26,249.10537719726562,275.375,278.54998779296875,274.25,278.48748779296875,4887984
2015-10-27,251.23117065429688,277.7250061035156,278.5,273.88751220703125,273.88751220703125,8984032
2015-10-28,251.36691284179688,277.875,281.0,276.26251220703125,276.26251220703125,7694760
2015-10-29,249.56900024414062,275.88751220703125,278.625,275.0,277.5,6702368
2015-10-30,248.67564392089844,274.8999938964844,278.0,272.61248779296875,275.5,8097460
2015-11-02,244.94419860839844,270.7749938964844,273.9750061035156,269.125,273.76251220703125,3156552
2015-11-03,245.3512725830078,271.2250061035156,273.0,269.79998779296875,272.73748779296875,2548592
2015-11-04,244.62754821777344,270.42498779296875,274.5249938964844,269.5625,272.51251220703125,2696444
2015-11-05,244.2091827392578,269.9624938964844,270.75,267.375,269.625,3596952
2015-11-06,244.4467010498047,270.2250061035156,272.25,268.8125,270.17498779296875,5881004
2015-11-09,240.80564880371094,266.20001220703125,267.4125061035156,262.75,264.5,11429432
2015-11-10,238.49888610839844,263.6499938964844,266.25,263.11248779296875,265.01251220703125,4402580
2015-11-13,237.9221954345703,263.01251220703125,263.75,260.25,262.3500061035156,3940028
2015-11-16,239.9349365234375,265.23748779296875,266.25,261.3125,262.1875,4734732
2015-11-17,239.90106201171875,265.20001220703125,265.95001220703125,262.79998779296875,265.82501220703125,2567404
2015-11-18,237.1419677734375,262.1499938964844,266.4624938964844,261.57501220703125,265.42498779296875,2446720
2015-11-19,241.73289489746094,267.2250061035156,267.73748779296875,262.3999938964844,263.75,3277680
2015-11-20,242.17381286621094,267.7124938964844,270.0625,265.0,266.2250061035156,4648160
2015-11-23,241.08831787109375,266.51251220703125,268.875,264.76251220703125,268.5,3408280
2015-11-24,240.7038116455078,266.0874938964844,268.375,265.5249938964844,266.3125,4002252
2015-11-26,240.61337280273438,265.98748779296875,266.75,262.7749938964844,264.75,8791484
2015-11-27,244.1074676513672,269.8500061035156,270.54998779296875,265.23748779296875,266.2124938964844,6925072
2015-11-30,243.7342529296875,269.4375,270.25,267.42498779296875,269.79998779296875,5247776
2015-12-01,244.9215545654297,270.75,271.2250061035156,268.375,269.26251220703125,1895332
2015-12-02,243.74560546875,269.45001220703125,273.17498779296875,267.9624938964844,272.5,2562284
2015-12-03,243.5081024169922,269.1875,270.25,266.82501220703125,268.125,3807712
2015-12-04,239.4713592529297,264.7250061035156,268.3999938964844,264.0,268.3999938964844,5859828
2015-12-07,240.1610870361328,265.48748779296875,267.7749938964844,265.2749938964844,267.04998779296875,5814808
2015-12-08,237.2889862060547,262.3125,265.4750061035156,261.75,265.25,4902660
2015-12-09,236.88189697265625,261.86248779296875,264.25,261.2124938964844,261.7749938964844,3890616
2015-12-10,239.85574340820312,265.1499938964844,265.79998779296875,260.57501220703125,261.25,6514340
2015-12-11,236.63314819335938,261.5874938964844,265.1499938964844,260.5,265.0,3033920
2015-12-14,238.6006622314453,263.76251220703125,264.9624938964844,260.0249938964844,260.25,5878016
2015-12-15,239.59568786621094,264.86248779296875,265.61248779296875,261.32501220703125,263.25,4557416
2015-12-16,241.3710174560547,266.82501220703125,268.3374938964844,264.8374938964844,265.75,6842768
2015-12-17,244.2996368408203,270.0625,271.0,266.25,268.4750061035156,4878012
2015-12-18,242.66004943847656,268.25,271.25,267.125,271.25,3172128
2015-12-21,243.20285034179688,268.8500061035156,269.9750061035156,267.26251220703125,267.9375,3097500
2015-12-22,241.17874145507812,266.61248779296875,269.125,266.0,268.625,2429536
2015-12-23,242.90878295898438,268.5249938964844,269.48748779296875,267.2875061035156,268.1499938964844,3013968
2015-12-24,242.88623046875,268.5,269.1000061035156,267.07501220703125,269.04998779296875,2146352
2015-12-28,243.62123107910156,269.3125,269.9750061035156,266.9375,268.5,7755428
2015-12-29,243.77951049804688,269.48748779296875,269.9624938964844,267.82501220703125,269.73748779296875,4231612
2015-12-30,242.95408630371094,268.57501220703125,270.48748779296875,268.13751220703125,270.0,2112560
2015-12-31,244.72935485839844,270.5375061035156,271.2250061035156,268.75,268.75,9290008
2016-01-01,246.2219696044922,272.1875,272.5625,269.0375061035156,270.6000061035156,3195076
2016-01-04,242.09466552734375,267.625,271.0,267.0249938964844,271.0,5187536
2016-01-05,240.2628936767578,265.6000061035156,268.70001220703125,265.3374938964844,267.54998779296875,3160872
2016-01-06,241.3257598876953,266.7749938964844,269.1875,264.1625061035156,264.1625061035156,4165536
2016-01-07,238.86073303222656,264.04998779296875,266.2250061035156,262.42498779296875,265.0249938964844,6055428
2016-01-08,240.25155639648438,265.5874938964844,266.125,264.3125,265.48748779296875,3488356
2016-01-11,239.40347290039062,264.6499938964844,265.25,261.32501220703125,263.01251220703125,3288912
2016-01-12,236.76881408691406,261.73748779296875,265.9750061035156,260.875,265.9750061035156,4258736
2016-01-13,239.75404357910156,265.0375061035156,265.6875,259.25,263.0,4515148
2016-01-14,237.40203857421875,262.4375,264.3500061035156,259.875,262.5375061035156,6279184
2016-01-15,235.68331909179688,260.5375061035156,263.86248779296875,259.5249938964844,262.0,5417260
2016-01-18,231.9970703125,256.4624938964844,260.36248779296875,255.25,258.9125061035156,6495388
2016-01-19,234.2472686767578,258.95001220703125,259.38751220703125,256.57501220703125,256.79998779296875,6405212
2016-01-20,230.2895965576172,254.5749969482422,277.0,251.97500610351562,256.25,9563588
2016-01-21,231.35252380371094,255.75,258.3125,253.35000610351562,255.25,6300804
2016-01-22,233.00343322753906,257.57501220703125,261.0625,255.5124969482422,256.42498779296875,4236284
2016-01-25,235.45716857910156,260.2875061035156,261.67498779296875,258.26251220703125,259.98748779296875,10143884
2016-01-27,234.21331787109375,258.9125061035156,262.17498779296875,258.25,262.11248779296875,4039468
2016-01-28,233.3200225830078,257.92498779296875,261.7250061035156,257.5,259.75,9951972
2016-01-29,237.42466735839844,262.4624938964844,263.73748779296875,258.79998779296875,258.79998779296875,5360184
2016-02-01,239.66358947753906,264.9375,266.75,263.42498779296875,264.5,4609484
2016-02-02,238.3179473876953,263.45001220703125,266.3125,262.54998779296875,266.25,6528628
2016-02-03,236.06773376464844,260.9624938964844,262.8500061035156,260.5,261.125,4850244
2016-02-04,237.27767944335938,262.29998779296875,263.7250061035156,261.38751220703125,262.0,5675992
2016-02-05,238.64588928222656,263.8125,265.95001220703125,261.3999938964844,263.20001220703125,7523904
2016-02-08,234.25856018066406,258.9624938964844,264.5,257.57501220703125,263.75,3481924
2016-02-09,232.04226684570312,256.51251220703125,257.88751220703125,255.16250610351562,256.67498779296875,5535460
2016-02-10,229.0797119140625,253.2375030517578,257.5375061035156,252.52499389648438,255.97500610351562,7682280
2016-02-11,220.5651397705078,243.8249969482422,253.25,242.0500030517578,252.5,8803600
2016-02-12,219.68310546875,242.85000610351562,246.6125030517578,241.5,244.75,12542144
2016-02-15,220.18064880371094,243.39999389648438,247.0625,242.77499389648438,245.0,10912960
2016-02-16,220.146728515625,243.3625030517578,245.5,240.5,245.375,7136096
2016-02-17,220.4746551513672,243.72500610351562,244.97500610351562,239.75,244.22500610351562,7503924
2016-02-18,223.76516723632812,247.3625030517578,247.8125,244.25,246.5,6799856
2016-02-19,223.73121643066406,247.3249969482422,248.14999389648438,243.375,247.1875,3328660
2016-02-22,223.6068572998047,247.1875,249.0,245.75,245.75,4002396
2016-02-23,219.3778076171875,242.5124969482422,246.375,241.5,246.22500610351562,6078320
2016-02-24,214.75302124023438,237.39999389648438,240.72500610351562,236.60000610351562,240.0,6463468
2016-02-25,213.1812744140625,235.66250610351562,239.3125,234.5500030517578,238.5,8463196
2016-02-26,217.33114624023438,240.25,242.75,236.25,237.5,6209388
2016-02-29,219.78489685058594,242.96249389648438,245.64999389648438,232.0,240.27499389648438,8812752
2016-03-01,222.56654357910156,246.03750610351562,246.6875,242.96249389648438,243.7375030517578,4322560
2016-03-02,227.77932739257812,251.8000030517578,252.72500610351562,248.75,249.5,6358976
2016-03-03,229.73550415039062,253.96249389648438,255.0,252.5,252.6875,4610400
2016-03-04,230.79844665527344,255.1374969482422,256.2250061035156,248.27499389648438,253.8625030517578,5704624
2016-03-08,229.35107421875,253.53750610351562,256.0,252.375,256.0,1913688
2016-03-09,231.7595977783203,256.20001220703125,257.4750061035156,251.6875,253.25,6528172
2016-03-10,230.95675659179688,255.3125,256.4375,252.52499389648438,256.20001220703125,2671392
2016-03-11,232.64154052734375,257.17498779296875,257.70001220703125,253.25,254.97500610351562,4730856
2016-03-14,232.3815155029297,256.88751220703125,259.48748779296875,256.3125,257.0,3008656
2016-03-15,232.1892547607422,256.67498779296875,258.3500061035156,255.41250610351562,256.9750061035156,7690036
2016-03-16,233.0373077392578,257.61248779296875,258.5625,254.7375030517578,256.75,4803548
2016-03-17,230.31222534179688,254.60000610351562,259.75,252.78750610351562,258.73748779296875,5113484
2016-03-18,232.57374572753906,257.1000061035156,258.0,253.83749389648438,255.7375030517578,4135068
2016-03-21,236.46353149414062,261.3999938964844,261.8374938964844,258.0625,258.25,5318796
2016-03-22,238.32925415039062,263.4624938964844,264.1499938964844,260.17498779296875,261.625,4120264
2016-03-23,237.31158447265625,262.3374938964844,263.26251220703125,260.13751220703125,263.26251220703125,8464300
2016-03-28,236.89321899414062,261.875,263.25,260.4125061035156,261.25,11270868
2016-03-29,238.3179473876953,263.45001220703125,264.875,261.0625,261.875,6733952
2016-03-30,240.83953857421875,266.23748779296875,267.4750061035156,263.4750061035156,264.5,7814380
2016-03-31,242.24169921875,267.7875061035156,269.7250061035156,266.26251220703125,266.7124938964844,20080392
2016-04-01,240.72647094726562,266.11248779296875,269.1000061035156,264.20001220703125,267.20001220703125,5158648
2016-04-04,241.76675415039062,267.26251220703125,268.20001220703125,266.0,266.29998779296875,6179960
2016-04-05,239.1434326171875,264.36248779296875,269.2250061035156,263.9125061035156,267.25,6663028
2016-04-06,240.05931091308594,265.375,266.73748779296875,264.1875,265.25,4295376
2016-04-07,238.70240783691406,263.875,266.1875,261.76251220703125,266.0,3911692
2016-04-08,239.57308959960938,264.8374938964844,265.8374938964844,263.5625,263.75,2962796
2016-04-11,242.1964569091797,267.73748779296875,268.5249938964844,260.7124938964844,265.07501220703125,4049620
2016-04-12,240.39852905273438,265.75,267.75,264.8125,267.3999938964844,4941480
2016-04-13,244.63890075683594,270.4375,271.23748779296875,267.375,268.0,4974604
2016-04-18,246.00706481933594,271.95001220703125,273.0,267.8999938964844,270.875,4117068
2016-04-20,248.27993774414062,274.4624938964844,275.0,270.88751220703125,272.9750061035156,3821352
2016-04-21,246.76467895507812,272.7875061035156,276.2875061035156,272.25,273.75,8191728
2016-04-22,246.9908447265625,273.0375061035156,275.2124938964844,271.29998779296875,272.375,7809320
2016-04-25,247.23960876464844,273.3125,275.0,271.125,275.0,5561960
2016-04-26,251.89834594726562,278.4624938964844,278.75,273.125,273.75,7053796
2016-04-27,254.2389373779297,281.04998779296875,281.25,277.25,277.4624938964844,5763636
2016-04-28,251.92092895507812,278.48748779296875,284.17498779296875,277.5874938964844,281.04998779296875,8089584
2016-04-29,256.0821533203125,283.0874938964844,284.0,276.54998779296875,278.45001220703125,5611940
2016-05-02,252.75770568847656,279.4125061035156,282.5,279.0,281.9375,3862716
2016-05-03,252.8368377685547,279.5,283.75,278.2875061035156,280.4750061035156,4695296
2016-05-04,254.9513397216797,281.8374938964844,283.625,278.5625,279.375,5292328
2016-05-05,256.07080078125,283.07501220703125,283.6875,280.67498779296875,282.0,5214248
2016-05-06,253.21005249023438,279.9125061035156,283.0625,279.3125,283.0,2733152
2016-05-09,258.1287536621094,285.3500061035156,286.23748779296875,279.75,280.0,6953180
2016-05-10,258.92034912109375,286.2250061035156,286.875,284.0249938964844,285.875,5453000
2016-05-11,257.5408020019531,284.70001220703125,286.25,282.42498779296875,283.67498779296875,6147372
2016-05-12,259.8701477050781,287.2749938964844,288.0,283.125,286.0,4221688
2016-05-13,258.0157165527344,285.2250061035156,287.0,282.5,287.0,5045316
2016-05-16,262.96844482421875,290.70001220703125,291.4750061035156,283.13751220703125,286.25,4518768
2016-05-17,260.8539123535156,288.36248779296875,292.3125,287.82501220703125,291.26251220703125,4295424
2016-05-18,257.9591369628906,285.1625061035156,287.75,282.875,287.75,4162644
2016-05-19,257.6539001464844,284.82501220703125,285.67498779296875,283.0,285.0249938964844,3855796
2016-05-20,258.0157165527344,285.2250061035156,287.125,283.3999938964844,284.98748779296875,2016632
2016-05-23,257.07720947265625,284.1875,287.48748779296875,283.29998779296875,285.48748779296875,3463532
2016-05-24,257.8008728027344,284.98748779296875,285.9125061035156,283.88751220703125,284.6000061035156,3259468
2016-05-25,265.3429870605469,293.32501220703125,293.98748779296875,286.57501220703125,286.57501220703125,5767348
2016-05-26,267.59320068359375,295.8125,297.2250061035156,291.5625,294.0249938964844,13705560
2016-05-27,268.39605712890625,296.70001220703125,297.5,294.17498779296875,295.8125,5775184
2016-05-30,266.80169677734375,294.9375,298.75,294.5249938964844,296.75,3814532
2016-05-31,267.2879333496094,295.4750061035156,296.4750061035156,294.3500061035156,296.4750061035156,5515640
2016-06-01,265.76141357421875,293.7875061035156,295.73748779296875,292.75,295.73748779296875,5675632
2016-06-02,265.71612548828125,293.73748779296875,295.1499938964844,292.75,293.67498779296875,7910616
2016-06-03,264.9924621582031,292.9375,296.25,292.26251220703125,295.0249938964844,4524420
2016-06-06,264.8455505371094,292.7749938964844,295.6000061035156,292.51251220703125,294.0,5547308
2016-06-07,265.4334716796875,293.42498779296875,295.0,291.9125061035156,294.23748779296875,5628504
2016-06-08,262.9232177734375,290.6499938964844,294.5,290.25,293.95001220703125,4742812
2016-06-09,262.1994934082031,289.8500061035156,291.04998779296875,288.125,290.625,4648184
2016-06-10,262.6404724121094,290.3374938964844,293.17498779296875,289.04998779296875,289.6000061035156,6322312
2016-06-13,260.7295227050781,288.2250061035156,291.23748779296875,287.76251220703125,288.6875,3323236
2016-06-14,260.4920654296875,287.9624938964844,289.25,286.0625,288.75,3828768
2016-06-15,264.4949645996094,292.38751220703125,292.7250061035156,288.29998779296875,288.75,3045824
2016-06-16,262.8214416503906,290.5375061035156,292.2124938964844,288.8374938964844,291.63751220703125,4727768
2016-06-17,264.5967102050781,292.5,294.5,291.38751220703125,291.75,3761652
2016-06-20,265.0603332519531,293.01251220703125,294.8125,289.70001220703125,289.75,2742764
2016-06-21,263.839111328125,291.6625061035156,293.86248779296875,290.29998779296875,293.75,2670968
2016-06-22,264.9359130859375,292.875,293.75,291.5,291.5,3803840
2016-06-23,269.142333984375,297.5249938964844,297.9624938964844,291.875,292.45001220703125,3926732
2016-06-24,262.764892578125,290.4750061035156,292.9750061035156,286.75,289.9624938964844,11173964
2016-06-27,262.3238830566406,289.98748779296875,292.25,288.26251220703125,290.5,4163788
2016-06-28,263.906982421875,291.73748779296875,293.2749938964844,287.5,290.3125,4034980
2016-06-29,266.3808288574219,292.07501220703125,292.375,289.92498779296875,291.25,5420668
2016-06-30,268.23907470703125,294.11248779296875,295.0,290.5375061035156,292.75,16278892
2016-07-01,267.7944641113281,293.625,296.25,292.95001220703125,295.0,4304876
2016-07-04,267.4068603515625,293.20001220703125,294.875,292.8500061035156,294.54998779296875,7249852
2016-07-05,265.7652282714844,291.3999938964844,293.57501220703125,290.5,293.20001220703125,2136328
2016-07-07,270.33673095703125,296.4125061035156,297.1875,290.2250061035156,291.9750061035156,4832616
2016-07-08,267.874267578125,293.7124938964844,296.3999938964844,292.8125,296.2749938964844,3118868
2016-07-11,273.5516662597656,299.9375,300.4750061035156,295.26251220703125,296.5,5102532
2016-07-12,274.098876953125,300.5375061035156,302.4750061035156,298.88751220703125,302.4750061035156,7046032
2016-07-13,273.0956726074219,299.4375,300.48748779296875,298.32501220703125,299.95001220703125,6687072
2016-07-14,273.6884765625,300.0874938964844,300.5375061035156,298.04998779296875,300.25,3459668
2016-07-15,279.01239013671875,305.92498779296875,306.5,298.7749938964844,300.95001220703125,5774216
2016-07-18,279.8674011230469,306.86248779296875,309.625,305.6625061035156,306.25,4438484
2016-07-19,277.7926025390625,304.5874938964844,307.6875,303.4624938964844,307.25,2586004
2016-07-20,280.950439453125,308.04998779296875,309.625,305.4375,305.75,4690332
2016-07-21,280.12969970703125,307.1499938964844,309.9750061035156,305.625,307.67498779296875,9112904
2016-07-22,280.63128662109375,307.70001220703125,308.6625061035156,305.375,308.3374938964844,5620272
2016-07-25,284.3135986328125,311.73748779296875,312.36248779296875,306.75,308.25,9872884
2016-07-26,282.4553527832031,309.70001220703125,311.4125061035156,308.7875061035156,310.6000061035156,5665992
2016-07-27,282.0335388183594,309.23748779296875,311.88751220703125,307.5,310.25,10734736
2016-07-28,284.6556091308594,312.11248779296875,312.8125,308.88751220703125,309.5,10646528
2016-07-29,284.142578125,311.54998779296875,312.5,308.75,312.0,3395676
2016-08-01,283.2533874511719,310.57501220703125,314.73748779296875,306.9125061035156,312.25,5560864
2016-08-02,283.4814147949219,310.82501220703125,314.11248779296875,310.1000061035156,311.75,5329396
2016-08-03,282.8315734863281,310.11248779296875,312.48748779296875,307.75,310.2749938964844,4733876
2016-08-04,282.95697021484375,310.25,311.67498779296875,308.3999938964844,311.6499938964844,4662880
2016-08-05,284.8380126953125,312.3125,313.9125061035156,310.4375,311.8500061035156,5784912
2016-08-08,284.9178161621094,312.3999938964844,313.75,311.13751220703125,313.2250061035156,4728776
2016-08-09,284.37060546875,311.79998779296875,313.2250061035156,309.42498779296875,313.2250061035156,4210856
2016-08-10,279.7420959472656,306.7250061035156,312.73748779296875,304.9375,311.25,3619720
2016-08-11,280.04986572265625,307.0625,308.75,305.5,306.70001220703125,2856072
2016-08-12,280.15240478515625,307.17498779296875,308.75,304.8500061035156,307.76251220703125,4641496
2016-08-16,279.8332214355469,306.82501220703125,309.61248779296875,303.45001220703125,308.25,3468568
2016-08-17,281.5660705566406,308.7250061035156,309.375,306.5,308.3500061035156,5511036
2016-08-18,285.57904052734375,313.125,313.7250061035156,308.63751220703125,309.5,6111656
2016-08-19,284.3478088378906,311.7749938964844,312.5,310.36248779296875,312.5,4110636
2016-08-22,285.0774230957031,312.57501220703125,313.61248779296875,310.25,311.26251220703125,5501292
2016-08-23,285.3396911621094,312.86248779296875,313.5,311.51251220703125,312.75,5314524
2016-08-24,287.6994934082031,315.45001220703125,316.04998779296875,311.76251220703125,313.01251220703125,5570936
2016-08-25,286.95849609375,314.63751220703125,316.70001220703125,313.57501220703125,316.0,8729888
2016-08-26,286.62786865234375,314.2749938964844,315.4750061035156,313.4750061035156,315.0,2521136
2016-08-29,282.29571533203125,309.5249938964844,313.875,309.04998779296875,313.875,2944184
2016-08-30,289.2613830566406,317.1625061035156,317.625,310.98748779296875,311.2749938964844,9867608
2016-08-31,294.4029235839844,322.79998779296875,323.75,316.375,317.25,11161364
2016-09-01,292.6928405761719,320.92498779296875,322.5,318.8500061035156,322.0,5224676
2016-09-02,293.0120544433594,321.2749938964844,322.25,320.2875061035156,321.375,3955188
2016-09-06,296.5006103515625,325.1000061035156,325.9750061035156,322.51251220703125,322.51251220703125,5508884
2016-09-07,293.38824462890625,321.6875,326.25,320.7749938964844,325.25,4016444
2016-09-08,293.9925537109375,322.3500061035156,323.8125,320.8999938964844,322.5,2905380
2016-09-09,294.22052001953125,322.6000061035156,323.625,319.57501220703125,322.5,4013768
2016-09-12,291.826416015625,319.9750061035156,321.1000061035156,317.875,318.67498779296875,3985728
2016-09-14,289.44378662109375,317.36248779296875,319.25,316.3500061035156,318.75,3849508
2016-09-15,291.7580261230469,319.8999938964844,320.9750061035156,317.4624938964844,318.0,3501812
2016-09-16,295.9190979003906,324.4624938964844,326.125,320.95001220703125,320.95001220703125,6525816
2016-09-19,294.1635437011719,322.5375061035156,325.625,322.0,324.25,5894832
2016-09-20,293.77587890625,322.11248779296875,323.75,321.01251220703125,323.1625061035156,3778248
2016-09-21,294.8133239746094,323.25,324.5,321.9750061035156,323.0,4256400
2016-09-22,297.982666015625,326.7250061035156,329.23748779296875,325.13751220703125,326.25,6555800
2016-09-23,299.3050537109375,328.17498779296875,329.61248779296875,325.375,326.51251220703125,4876808
2016-09-26,295.5315246582031,324.0375061035156,327.2250061035156,323.42498779296875,326.5249938964844,5576772
2016-09-27,295.96478271484375,324.51251220703125,326.5375061035156,323.7124938964844,324.75,4056812
2016-09-28,295.3263854980469,323.8125,325.0,322.25,324.9750061035156,4989652
2016-09-29,291.27923583984375,319.375,326.5,316.98748779296875,324.48748779296875,16450012
2016-09-30,290.218994140625,318.2124938964844,320.25,316.8500061035156,319.2749938964844,4138428
2016-10-03,293.4908447265625,321.79998779296875,322.4750061035156,319.1000061035156,320.25,3900548
2016-10-04,294.0267333984375,322.38751220703125,323.75,320.57501220703125,322.1499938964844,2775512
2016-10-05,293.2400817871094,321.5249938964844,325.01251220703125,319.1000061035156,324.5,3647020
2016-10-06,292.2938232421875,320.48748779296875,323.8999938964844,319.76251220703125,321.7749938964844,2895712
2016-10-07,291.9860534667969,320.1499938964844,321.9375,319.0625,321.0,3337464
2016-10-10,292.8410949707031,321.0874938964844,321.9750061035156,319.6875,321.25,4719312
2016-10-13,287.9161071777344,315.6875,319.75,314.11248779296875,319.75,4519356
2016-10-14,287.6994934082031,315.45001220703125,317.0,313.5,316.4375,4067116
2016-10-17,282.2044677734375,309.42498779296875,316.6000061035156,308.1875,316.375,5135360
2016-10-18,286.7988586425781,314.4624938964844,315.0,309.75,310.79998779296875,2610968
2016-10-19,286.912841796875,314.5874938964844,315.75,312.0,315.2749938964844,3044904
2016-10-20,286.2630615234375,313.875,316.86248779296875,312.75,315.0625,3200356
2016-10-21,289.7287292480469,317.67498779296875,318.23748779296875,312.5,314.0,3956408
2016-10-24,288.0985412597656,315.88751220703125,319.2124938964844,315.26251220703125,317.9375,3255664
2016-10-25,285.0774230957031,312.57501220703125,317.0,311.01251220703125,317.0,5501796
2016-10-26,282.5693664550781,309.82501220703125,316.25,308.76251220703125,310.8374938964844,5366540
2016-10-27,285.4878234863281,313.0249938964844,314.25,306.0375061035156,309.75,11623860
2016-10-28,287.0724792480469,314.76251220703125,315.4750061035156,310.0249938964844,313.625,5320536
2016-11-01,287.24346923828125,314.95001220703125,315.9624938964844,311.76251220703125,314.0,3402416
2016-11-02,284.13116455078125,311.5375061035156,313.92498779296875,310.375,312.7749938964844,6474432
2016-11-03,286.1376647949219,313.73748779296875,315.0,307.9375,311.25,6315812
2016-11-04,283.57257080078125,310.92498779296875,313.20001220703125,310.4375,313.20001220703125,5734920
2016-11-07,284.88360595703125,312.36248779296875,313.7124938964844,310.0,313.0,5671392
2016-11-08,285.98944091796875,313.57501220703125,314.5,310.0249938964844,312.7749938964844,5348164
2016-11-09,285.2939758300781,312.8125,314.3500061035156,298.8374938964844,300.0,13645468
2016-11-10,291.5186462402344,319.63751220703125,320.75,313.5249938964844,315.9375,10700736
2016-11-11,290.8916320800781,318.95001220703125,320.5,316.3999938964844,318.5,7139320
2016-11-15,286.0920104980469,313.6875,322.25,312.6625061035156,319.375,12512524
2016-11-16,283.7207946777344,311.0874938964844,317.0,310.01251220703125,317.0,8647744
2016-11-17,280.4944152832031,307.54998779296875,312.2250061035156,306.2875061035156,309.57501220703125,4815624
2016-11-18,276.2079162597656,302.8500061035156,309.0,302.29998779296875,309.0,6879900
2016-11-21,273.3122253417969,299.67498779296875,304.875,297.0874938964844,304.875,5552520
2016-11-22,273.1640625,299.51251220703125,301.70001220703125,297.3374938964844,301.70001220703125,10017784
2016-11-23,270.1315612792969,296.1875,300.75,295.2749938964844,300.75,3532692
2016-11-24,265.7424011230469,291.375,296.57501220703125,290.2250061035156,296.0,15285996
2016-11-25,271.1689758300781,297.32501220703125,298.29998779296875,289.5,292.25,5969960
2016-11-28,270.0631103515625,296.11248779296875,299.7250061035156,294.5249938964844,295.0625,4130180
2016-11-29,268.76348876953125,294.6875,298.23748779296875,294.125,296.17498779296875,3932644
2016-11-30,273.5174255371094,299.8999938964844,300.5,295.2749938964844,296.25,6442840
2016-12-01,272.9817199707031,299.3125,301.9750061035156,298.25,300.57501220703125,4476984
2016-12-02,271.1233825683594,297.2749938964844,300.48748779296875,294.17498779296875,297.25,4062672
2016-12-05,272.77642822265625,299.0874938964844,299.73748779296875,294.125,296.8999938964844,4551936
2016-12-06,272.34320068359375,298.61248779296875,300.7124938964844,297.54998779296875,298.75,2702964
2016-12-07,269.4133605957031,295.3999938964844,301.4750061035156,291.75,300.4624938964844,5628192
2016-12-08,273.4946594238281,299.875,301.38751220703125,296.75,296.75,4309696
2016-12-09,273.2210388183594,299.57501220703125,300.57501220703125,297.0,299.7749938964844,4387952
2016-12-12,270.0631103515625,296.11248779296875,298.0375061035156,295.2749938964844,298.0,3425272
2016-12-13,270.47357177734375,296.5625,297.5874938964844,294.63751220703125,295.0625,2526868
2016-12-14,268.0680847167969,293.92498779296875,297.0,293.3500061035156,296.75,4314144
2016-12-15,268.2733154296875,294.1499938964844,298.625,290.8999938964844,291.04998779296875,4941488
2016-12-16,269.5729064941406,295.57501220703125,296.25,292.88751220703125,294.1499938964844,3255828
2016-12-19,268.3074951171875,294.1875,294.875,292.625,294.20001220703125,3160436
2016-12-20,269.48175048828125,295.4750061035156,296.25,292.92498779296875,294.0,4189992
2016-12-21,269.0484619140625,295.0,296.25,293.75,296.0,2658876
2016-12-22,267.47528076171875,293.2749938964844,294.875,292.1000061035156,294.1000061035156,2805716
2016-12-23,270.47357177734375,296.5625,297.3125,292.32501220703125,292.75,4752516
2016-12-26,267.9084167480469,293.75,296.5249938964844,292.5249938964844,294.63751220703125,4183864
2016-12-27,270.2341613769531,296.29998779296875,296.7250061035156,293.4750061035156,294.82501220703125,4899296
2016-12-28,270.5875549316406,296.6875,298.73748779296875,295.25,297.4750061035156,6507840
2016-12-29,274.79425048828125,301.29998779296875,301.98748779296875,295.36248779296875,296.25,8100816
2016-12-30,275.0223083496094,301.54998779296875,303.0,299.98748779296875,300.0,4066540
2017-01-02,272.9474182128906,299.2749938964844,302.5249938964844,298.01251220703125,302.36248779296875,3708656
2017-01-03,271.3058166503906,297.4750061035156,300.48748779296875,296.4375,300.20001220703125,3847500
2017-01-04,270.30255126953125,296.375,298.0,295.95001220703125,297.4624938964844,6967120
2017-01-05,270.462158203125,296.54998779296875,298.625,295.7749938964844,297.25,6776384
2017-01-06,272.16082763671875,298.4125061035156,299.6000061035156,297.04998779296875,297.5249938964844,5525260
2017-01-09,272.51422119140625,298.79998779296875,301.0375061035156,298.0375061035156,299.7124938964844,4573796
2017-01-10,276.88055419921875,303.5874938964844,304.20001220703125,298.82501220703125,299.04998779296875,5546116
2017-01-11,281.3609313964844,308.5,309.5249938964844,303.875,304.375,9343404
2017-01-12,281.5889587402344,308.75,310.92498779296875,306.375,308.75,2916316
2017-01-13,281.0189208984375,308.125,309.92498779296875,307.1499938964844,309.75,3850412
2017-01-16,284.47320556640625,311.9125061035156,312.36248779296875,308.20001220703125,308.375,3765864
2017-01-17,282.3869323730469,309.625,313.1000061035156,309.0625,311.75,3559612
2017-01-18,283.32177734375,310.6499938964844,314.0,310.2124938964844,310.2250061035156,4612888
2017-01-19,281.8852844238281,309.07501220703125,311.2250061035156,308.75,311.2250061035156,3512412
2017-01-20,281.896728515625,309.0874938964844,311.25,307.5,309.0,13942068
2017-01-23,283.7891540527344,311.1625061035156,312.5,308.95001220703125,309.0,4793848
2017-01-24,289.0105895996094,316.88751220703125,317.875,312.3125,312.5,10261864
2017-01-25,294.2660827636719,322.6499938964844,323.8999938964844,317.5249938964844,318.1499938964844,15636984
2017-01-27,294.56256103515625,322.9750061035156,325.0,322.0,324.75,6852236
2017-01-30,292.97784423828125,321.23748779296875,323.23748779296875,320.13751220703125,323.23748779296875,5319628
2017-01-31,293.3655090332031,321.6625061035156,323.17498779296875,319.25,320.6000061035156,6101040
2017-02-01,297.70904541015625,326.42498779296875,327.5,320.125,321.54998779296875,10910664
2017-02-02,296.1129455566406,324.67498779296875,326.42498779296875,323.1499938964844,326.42498779296875,5971636
2017-02-03,298.92889404296875,327.76251220703125,329.0,324.125,324.75,8005104
2017-02-06,299.624267578125,328.5249938964844,330.0,327.86248779296875,328.07501220703125,4310220
2017-02-07,298.0396423339844,326.7875061035156,329.5,325.73748779296875,329.0,3411920
2017-02-08,297.6976318359375,326.4125061035156,329.67498779296875,324.5375061035156,326.88751220703125,4940960
2017-02-09,295.87359619140625,324.4125061035156,329.9750061035156,323.13751220703125,327.3500061035156,4465376
2017-02-10,297.23016357421875,325.8999938964844,327.1875,324.5,324.5874938964844,3296736
2017-02-13,298.7350158691406,327.54998779296875,328.75,324.79998779296875,326.88751220703125,2795792
2017-02-14,298.94024658203125,327.7749938964844,328.5,326.0,328.5,2446060
2017-02-15,301.4710998535156,330.54998779296875,331.0,326.86248779296875,328.0,6126940
2017-02-16,302.77081298828125,331.9750061035156,333.25,330.0625,330.75,5043700
2017-02-17,313.9773254394531,344.26251220703125,363.5,340.11248779296875,361.25,402259960
2017-02-20,321.28497314453125,352.2749938964844,353.86248779296875,339.7875061035156,340.29998779296875,10566716
2017-02-21,322.7556457519531,353.88751220703125,355.45001220703125,349.3500061035156,351.51251220703125,6260028
2017-02-22,319.01629638671875,349.7875061035156,354.70001220703125,348.7124938964844,353.75,5296776
2017-02-23,317.9105224609375,348.57501220703125,355.3374938964844,346.76251220703125,350.95001220703125,34494980
2017-02-27,317.7508544921875,348.3999938964844,349.5874938964844,344.6499938964844,347.7250061035156,4681376
2017-02-28,316.9527893066406,347.5249938964844,349.0625,346.125,348.2250061035156,2928008
2017-03-01,317.3061828613281,347.9125061035156,349.125,346.6000061035156,349.11248779296875,3481736
2017-03-02,314.67279052734375,345.0249938964844,349.0,344.0625,348.63751220703125,4601988
2017-03-03,313.9659423828125,344.25,346.125,342.25,346.125,2492824
2017-03-06,314.8209228515625,345.1875,347.4750061035156,343.2749938964844,344.20001220703125,3679124
2017-03-07,316.0635681152344,346.54998779296875,346.875,344.04998779296875,345.5625,3112876
2017-03-08,317.4316711425781,348.04998779296875,349.79998779296875,345.26251220703125,346.9750061035156,3782144
2017-03-09,317.88763427734375,348.54998779296875,349.67498779296875,345.4125061035156,345.4125061035156,3509316
2017-03-10,319.2329406738281,350.0249938964844,352.0,348.2875061035156,348.75,5860704
2017-03-14,321.6497497558594,352.67498779296875,356.0375061035156,351.6625061035156,355.5249938964844,7155020
2017-03-15,322.9949951171875,354.1499938964844,355.0,352.63751220703125,352.73748779296875,4271860
2017-03-16,323.1659851074219,354.3374938964844,355.7124938964844,353.4125061035156,354.5249938964844,4980108
2017-03-17,325.10406494140625,356.4624938964844,356.875,353.2124938964844,354.63751220703125,3390464
2017-03-20,327.441162109375,359.0249938964844,359.9624938964844,356.48748779296875,356.6625061035156,8142344
2017-03-21,328.54693603515625,360.23748779296875,361.25,358.5,358.5,5557280
2017-03-22,326.25555419921875,357.7250061035156,359.25,356.45001220703125,356.92498779296875,5636544
2017-03-23,326.25555419921875,357.7250061035156,358.75,355.7250061035156,358.6000061035156,4922472
2017-03-24,324.7620544433594,356.0874938964844,358.61248779296875,355.5,358.25,3810364
2017-03-27,321.4559631347656,352.4624938964844,356.0,351.01251220703125,356.0,5864084
2017-03-28,323.8158264160156,355.04998779296875,356.17498779296875,353.2749938964844,354.57501220703125,8061400
2017-03-29,325.7310791015625,357.1499938964844,358.70001220703125,355.0,355.20001220703125,8575772
2017-03-30,334.30413818359375,366.54998779296875,369.98748779296875,356.26251220703125,357.0,34321092
2017-03-31,328.91180419921875,360.63751220703125,363.5,359.13751220703125,363.45001220703125,9651392
2017-04-03,326.7799072265625,358.29998779296875,362.5249938964844,356.5,361.5,4149052
2017-04-05,326.5861511230469,358.0874938964844,361.625,356.88751220703125,358.8125,5744080
2017-04-06,327.9883728027344,359.625,360.75,356.26251220703125,357.875,6124416
2017-04-07,328.0681457519531,359.7124938964844,361.25,357.1499938964844,357.76251220703125,4648360
2017-04-10,326.9965515136719,358.5375061035156,360.75,358.1625061035156,360.75,3393876
2017-04-11,328.2164306640625,359.875,360.29998779296875,357.875,358.5,4356260
2017-04-12,329.17401123046875,360.92498779296875,362.48748779296875,358.875,359.75,3565092
2017-04-13,328.3988342285156,360.07501220703125,362.2250061035156,359.26251220703125,360.75,4804236
2017-04-17,327.60076904296875,359.20001220703125,360.95001220703125,357.0625,360.07501220703125,7137056
2017-04-18,329.994873046875,361.82501220703125,363.75,359.5,360.0,3638860
2017-04-19,330.3824462890625,362.25,364.1875,359.5,361.75,4338144
2017-04-20,333.3807373046875,365.5375061035156,366.51251220703125,363.23748779296875,363.25,5781372
2017-04-21,341.2355651855469,374.1499938964844,374.75,363.32501220703125,366.5,17258032
2017-04-24,349.5464782714844,383.26251220703125,384.75,374.25,374.5249938964844,20206952
2017-04-25,350.45849609375,384.26251220703125,386.375,382.3999938964844,383.76251220703125,9057780
2017-04-26,353.5594177246094,387.6625061035156,388.25,367.11248779296875,385.73748779296875,7795852
2017-04-27,357.6521301269531,392.1499938964844,393.48748779296875,386.5249938964844,386.5249938964844,16180420
2017-04-28,352.6131896972656,386.625,389.9750061035156,384.2749938964844,389.9750061035156,5437728
2017-05-02,351.26788330078125,385.1499938964844,387.7250061035156,382.5874938964844,386.75,4007040
2017-05-03,352.11151123046875,386.07501220703125,388.5625,384.8374938964844,388.5625,2507964
2017-05-04,349.9454650878906,383.70001220703125,385.7250061035156,380.6499938964844,384.8125,5131028
2017-05-05,349.3526306152344,383.04998779296875,385.7250061035156,381.57501220703125,385.5249938964844,2757896
2017-05-08,349.9454650878906,383.70001220703125,385.0,382.13751220703125,384.5,3747252
2017-05-09,350.162109375,383.9375,386.3999938964844,383.1625061035156,383.70001220703125,3345836
2017-05-10,353.8216552734375,387.95001220703125,388.75,384.26251220703125,385.0,2342244
2017-05-11,352.59039306640625,386.6000061035156,390.0,385.25,387.75,3875744
2017-05-12,353.78741455078125,387.9125061035156,389.2250061035156,384.04998779296875,386.4750061035156,6147604
2017-05-15,354.1864013671875,388.3500061035156,389.29998779296875,385.5625,387.5,2804780
2017-05-16,355.6114807128906,389.9125061035156,390.5,387.0625,388.75,3590376
2017-05-17,355.04150390625,389.2875061035156,391.3500061035156,387.875,389.70001220703125,3472472
2017-05-18,355.030029296875,389.2749938964844,390.375,387.0249938964844,387.25,3107280
2017-05-19,355.97625732421875,390.3125,392.4750061035156,386.3125,389.875,2854136
2017-05-22,359.33935546875,394.0,395.0,390.7749938964844,391.2749938964844,2860052
2017-05-23,357.76611328125,392.2749938964844,395.88751220703125,391.25,395.0,3080172
2017-05-24,357.2303161621094,391.6875,393.86248779296875,390.5,392.26251220703125,3467388
2017-05-25,368.721923828125,404.2875061035156,407.3500061035156,391.7749938964844,391.7749938964844,20090804
2017-05-26,370.7397155761719,406.5,408.0,400.2749938964844,401.6625061035156,5443156
2017-05-29,372.08502197265625,407.9750061035156,412.0,404.4125061035156,404.95001220703125,5916340
2017-05-30,371.43511962890625,407.26251220703125,408.375,404.0375061035156,407.5,4434184
2017-05-31,373.0653991699219,409.04998779296875,410.75,405.7875061035156,406.25,5318912
2017-06-01,371.3325500488281,407.1499938964844,409.9624938964844,405.13751220703125,409.75,3359540
2017-06-02,372.6208190917969,408.5625,411.5249938964844,406.54998779296875,408.5,3213544
2017-06-05,372.917236328125,408.88751220703125,409.73748779296875,406.25,408.42498779296875,2899900
2017-06-06,373.69244384765625,409.73748779296875,410.95001220703125,407.5,408.75,5002632
2017-06-07,374.1142272949219,410.20001220703125,411.2250061035156,407.5874938964844,410.1000061035156,2554276
2017-06-08,375.01483154296875,411.1875,414.8500061035156,410.4125061035156,410.9750061035156,4248768
2017-06-09,380.04241943359375,416.70001220703125,417.5,410.0249938964844,410.0249938964844,5305272
2017-06-12,380.4870300292969,417.1875,419.0,415.0,416.0,3971412
2017-06-13,382.2996520996094,419.17498779296875,422.9750061035156,415.25,415.4375,5051620
2017-06-14,381.045654296875,417.79998779296875,419.98748779296875,416.75,418.75,3858360
2017-06-15,379.4837646484375,416.0874938964844,418.8999938964844,413.3999938964844,417.0,3526692
2017-06-16,380.60101318359375,417.3125,418.67498779296875,414.5249938964844,416.25,3755104
2017-06-19,385.99346923828125,423.2250061035156,424.0,417.1000061035156,417.75,3825532
2017-06-20,384.5455627441406,421.63751220703125,423.5,419.9624938964844,422.5,3660264
2017-06-21,387.31591796875,424.67498779296875,425.3125,419.8999938964844,420.6499938964844,3410932
2017-06-22,387.15618896484375,424.5,429.0,422.79998779296875,423.73748779296875,6675460
2017-06-23,382.7442932128906,419.6625061035156,425.6875,418.79998779296875,425.5,5217468
2017-06-27,380.23626708984375,416.9125061035156,423.75,414.0625,422.25,6000432
2017-06-28,379.96258544921875,416.61248779296875,418.75,414.45001220703125,416.25,4449036
2017-06-29,381.70697021484375,415.76251220703125,420.4750061035156,412.7749938964844,416.75,9187708
2017-06-30,379.1822814941406,413.01251220703125,415.0,410.75,413.45001220703125,4330432
2017-07-03,380.6856384277344,414.6499938964844,416.875,411.8125,413.1499938964844,3504332
2017-07-04,379.4806213378906,413.3374938964844,416.67498779296875,413.0,415.0625,3766080
2017-07-05,378.4248046875,412.1875,414.875,411.25,413.2749938964844,4014200
2017-07-06,380.5823059082031,414.5375061035156,415.75,412.8374938964844,413.13751220703125,4571676
2017-07-07,382.65948486328125,416.79998779296875,417.3999938964844,414.5,415.2124938964844,5517396
2017-07-10,384.7596740722656,419.0874938964844,437.0,415.26251220703125,417.0,1309252
2017-07-11,385.689208984375,420.1000061035156,422.70001220703125,416.7749938964844,419.38751220703125,4410280
2017-07-12,385.8843078613281,420.3125,421.25,414.63751220703125,420.0,5738892
2017-07-13,386.41217041015625,420.88751220703125,423.32501220703125,419.9125061035156,422.0,4481004
2017-07-14,385.5858459472656,419.98748779296875,421.51251220703125,418.0,420.9750061035156,2443252
2017-07-17,386.13677978515625,420.5874938964844,421.9125061035156,419.25,420.63751220703125,2399340
2017-07-18,386.41217041015625,420.88751220703125,421.9624938964844,419.3374938964844,419.92498779296875,2322188
2017-07-19,388.4205627441406,423.07501220703125,424.04998779296875,420.4624938964844,421.25,3987244
2017-07-20,392.68963623046875,427.7250061035156,428.75,422.0375061035156,423.4750061035156,3698476
2017-07-21,390.88787841796875,425.76251220703125,428.8125,425.0,428.5249938964844,3873508
2017-07-24,398.24407958984375,433.7749938964844,435.0,423.75,427.5,19678176
2017-07-25,399.28839111328125,434.9125061035156,439.75,433.26251220703125,439.75,11160468
2017-07-26,401.1016540527344,436.88751220703125,438.75,433.125,435.5,3895344
2017-07-27,410.7645263671875,447.4125061035156,449.70001220703125,437.88751220703125,439.0,17961712
2017-07-28,408.205322265625,444.625,446.625,440.2749938964844,443.0,9255396
2017-07-31,409.55950927734375,446.1000061035156,447.75,441.63751220703125,444.38751220703125,7369140
2017-08-01,412.49737548828125,449.29998779296875,452.2875061035156,443.04998779296875,445.4624938964844,8516860
2017-08-02,411.2235412597656,447.9125061035156,451.75,445.51251220703125,451.75,7397916
2017-08-03,408.5381774902344,444.98748779296875,448.0,443.6000061035156,447.0,4256784
2017-08-04,410.9022216796875,447.5625,449.1875,441.5375061035156,444.25,3545068
2017-08-07,410.51202392578125,447.13751220703125,449.11248779296875,446.25,446.5,1918660
2017-08-08,408.0676574707031,444.4750061035156,449.3125,441.5249938964844,448.0249938964844,4035372
2017-08-09,404.9805603027344,441.11248779296875,444.26251220703125,439.5874938964844,442.75,3270056
2017-08-10,404.06243896484375,440.11248779296875,441.5,438.2124938964844,440.0,7788444
2017-08-11,401.4459228515625,437.26251220703125,439.5,432.7875061035156,436.25,6359836
2017-08-14,403.3165283203125,439.29998779296875,443.73748779296875,437.0,438.25,3577084
2017-08-16,408.8365173339844,445.3125,447.45001220703125,437.13751220703125,440.5874938964844,4426832
2017-08-17,405.1986083984375,441.3500061035156,445.23748779296875,438.4375,444.0625,5454868
2017-08-18,402.15740966796875,438.0375061035156,440.25,435.75,440.0,3707464
2017-08-21,400.1031799316406,435.79998779296875,439.75,434.54998779296875,438.5,4009724
2017-08-22,400.9753723144531,436.75,438.5,434.20001220703125,437.82501220703125,6609556
2017-08-23,406.81671142578125,443.11248779296875,444.48748779296875,437.5,437.5,3360524
2017-08-24,404.532958984375,440.625,443.73748779296875,439.7875061035156,443.7250061035156,7878276
2017-08-28,404.4755859375,440.5625,442.7875061035156,439.5874938964844,440.6000061035156,1507784
2017-08-29,400.7803039550781,436.5375061035156,439.75,434.5,439.75,4918596
2017-08-30,405.921630859375,442.13751220703125,442.5,437.51251220703125,437.98748779296875,2694320
2017-08-31,407.7347717285156,444.11248779296875,444.9624938964844,439.1000061035156,443.0,7303436
2017-09-01,405.7034912109375,441.8999938964844,445.36248779296875,440.2749938964844,445.25,2295172
2017-09-04,401.8705139160156,437.7250061035156,441.25,436.5249938964844,441.25,3642524
2017-09-05,402.8918762207031,438.8374938964844,441.2250061035156,437.75,439.25,3682436
2017-09-06,403.93621826171875,439.9750061035156,440.70001220703125,434.5,435.9375,5751632
2017-09-07,405.4625549316406,441.63751220703125,444.1875,440.0249938964844,440.0249938964844,6946420
2017-09-08,410.3054504394531,446.9125061035156,447.5,442.75,443.3500061035156,8311664
2017-09-11,418.4993896484375,455.8374938964844,457.25,447.54998779296875,448.25,11477676
2017-09-12,421.2192687988281,458.79998779296875,459.9750061035156,454.57501220703125,456.92498779296875,6687680
2017-09-13,422.7455749511719,460.4624938964844,462.25,456.0,458.75,4995376
2017-09-14,422.1832580566406,459.8500061035156,463.125,457.875,460.0375061035156,8154016
2017-09-15,424.37518310546875,462.23748779296875,462.95001220703125,458.36248779296875,459.0,3767332
2017-09-18,427.0146789550781,465.11248779296875,466.11248779296875,463.125,463.38751220703125,4084928
2017-09-19,424.5473327636719,462.42498779296875,467.0,461.88751220703125,466.2250061035156,4241468
2017-09-20,424.3522644042969,462.2124938964844,465.36248779296875,461.3125,462.0,3446128
2017-09-21,422.1143798828125,459.7749938964844,462.125,457.67498779296875,462.0,7712496
2017-09-22,418.6715393066406,456.0249938964844,459.73748779296875,455.0,458.70001220703125,8243524
2017-09-25,413.0826721191406,449.9375,455.61248779296875,448.1499938964844,455.61248779296875,10149228
2017-09-26,411.37274169921875,448.07501220703125,449.1499938964844,446.25,447.26251220703125,11438732
2017-09-27,407.746337890625,444.125,451.3999938964844,442.5,449.0,7337220
2017-09-28,412.0613098144531,448.82501220703125,449.75,440.82501220703125,443.5,27646464
2017-09-29,414.44830322265625,451.42498779296875,455.5,449.0625,450.0249938964844,6213632
2017-10-03,415.17132568359375,452.2124938964844,455.25,449.2749938964844,452.0,4394424
2017-10-04,412.45147705078125,449.25,452.9750061035156,448.3374938964844,451.9750061035156,6625104
2017-10-05,412.81878662109375,449.6499938964844,451.25,448.2749938964844,448.75,3336196
2017-10-06,413.1629638671875,450.0249938964844,451.11248779296875,448.5,449.5,3030660
2017-10-09,412.10723876953125,448.875,450.75,447.625,449.70001220703125,3062492
2017-10-10,413.759765625,450.67498779296875,453.73748779296875,448.1625061035156,449.75,3798180
2017-10-11,410.8792724609375,447.5375061035156,453.8125,446.8999938964844,450.8125,5267440
2017-10-12,417.455078125,454.70001220703125,455.36248779296875,447.0,448.7749938964844,5381560
2017-10-13,424.79986572265625,462.70001220703125,464.13751220703125,455.5,456.67498779296875,6433464
2017-10-16,426.25726318359375,464.2875061035156,468.3125,460.5,465.0,3274544
2017-10-17,424.90313720703125,462.8125,463.42498779296875,459.7749938964844,462.5,2613288
2017-10-18,428.8623352050781,467.125,468.75,459.75,460.25,3926720
2017-10-19,424.24896240234375,462.1000061035156,466.25,460.1625061035156,465.45001220703125,570008
2017-10-23,427.66888427734375,465.82501220703125,467.42498779296875,459.01251220703125,464.9750061035156,4162892
2017-10-24,428.5409851074219,466.7749938964844,469.8999938964844,463.25,465.75,11328872
2017-10-25,412.015380859375,448.7749938964844,465.75,446.25,465.0,21367208
2017-10-26,412.0727844238281,448.8374938964844,452.5,439.4624938964844,442.0,28571464
2017-10-27,411.0858459472656,447.76251220703125,451.875,444.75,451.1000061035156,7472088
2017-10-30,416.5829162597656,453.75,454.0,448.1000061035156,449.5625,5422352
2017-10-31,415.09100341796875,452.125,452.875,449.8125,452.875,4682460
2017-11-01,418.0059509277344,455.29998779296875,456.25,453.0,453.7749938964844,4190612
2017-11-02,418.2125244140625,455.5249938964844,457.45001220703125,454.23748779296875,455.75,4737944
2017-11-03,420.1864013671875,457.67498779296875,460.0,455.3999938964844,456.42498779296875,3810488
2017-11-06,419.7043762207031,457.1499938964844,460.0,455.6499938964844,456.25,6148244
2017-11-07,418.5797119140625,455.92498779296875,461.23748779296875,455.1875,459.5,7446376
2017-11-08,419.0961608886719,456.48748779296875,458.3999938964844,454.75,456.29998779296875,3283144
2017-11-09,419.5322265625,456.9624938964844,458.75,455.2749938964844,456.75,3113308
2017-11-10,418.18951416015625,455.5,458.70001220703125,453.0874938964844,455.42498779296875,7744360
2017-11-13,416.25006103515625,453.38751220703125,455.7875061035156,448.75,455.5,3335872
2017-11-14,413.6794128417969,450.5874938964844,454.75,450.0,453.9750061035156,4712468
2017-11-15,413.19744873046875,450.0625,450.9125061035156,447.0,449.5,6148368
2017-11-16,414.9073486328125,451.92498779296875,454.0,448.79998779296875,451.0,4012972
2017-11-17,419.00439453125,456.38751220703125,459.57501220703125,453.2875061035156,457.17498779296875,6358772
2017-11-20,421.8963623046875,459.5375061035156,459.92498779296875,457.25,457.25,2392424
2017-11-21,423.7554931640625,461.5625,462.5,459.0249938964844,459.36248779296875,2275532
2017-11-22,425.8211669921875,463.8125,465.0,461.13751220703125,462.42498779296875,5660796
2017-11-23,422.97509765625,460.7124938964844,465.0,459.5,464.75,3232580
2017-11-24,424.9375,462.8500061035156,464.45001220703125,460.25,460.75,5203684
2017-11-27,426.34912109375,464.38751220703125,465.5,461.3999938964844,462.25,3870472
2017-11-28,428.1393127441406,466.3374938964844,467.75,463.9624938964844,464.0,5090540
2017-11-29,429.9640808105469,468.32501220703125,468.875,463.95001220703125,466.25,3274584
2017-11-30,425.4654235839844,463.42498779296875,468.48748779296875,460.0,467.17498779296875,5796312
2017-12-01,424.2030334472656,462.04998779296875,465.0,461.0249938964844,463.7250061035156,3858148
2017-12-04,420.9667663574219,458.5249938964844,463.7250061035156,457.5249938964844,463.7250061035156,3641932
2017-12-05,417.83380126953125,455.11248779296875,457.13751220703125,451.75,456.5,3893360
2017-12-06,413.8974914550781,450.82501220703125,455.3374938964844,449.75,454.98748779296875,6395120
2017-12-07,415.3549499511719,452.4125061035156,454.1499938964844,450.7749938964844,451.6625061035156,4231304
2017-12-08,422.4127502441406,460.1000061035156,463.25,453.5,453.5,8956400
2017-12-11,423.7899475097656,461.6000061035156,462.9375,460.0,462.0,3198232
2017-12-12,417.70758056640625,454.9750061035156,462.4750061035156,453.98748779296875,462.2749938964844,2410588
2017-12-13,418.0403137207031,455.3374938964844,461.25,453.7749938964844,455.01251220703125,2907460
2017-12-14,421.8734130859375,459.51251220703125,460.0,453.0,456.0,3683092
2017-12-15,429.9984130859375,468.36248779296875,472.0,463.875,464.0,12450124
2017-12-18,431.2608337402344,469.73748779296875,474.75,452.32501220703125,463.75,12297988
2017-12-19,432.53472900390625,471.125,473.4125061035156,469.0375061035156,469.95001220703125,4952112
2017-12-20,428.7820129394531,467.0375061035156,475.7749938964844,465.9125061035156,474.7250061035156,9343504
2017-12-21,428.8164367675781,467.07501220703125,471.25,466.29998779296875,469.9750061035156,6854544
2017-12-22,430.7330017089844,469.1625061035156,470.0,465.4375,469.75,4470904
2017-12-26,428.827880859375,467.0874938964844,470.70001220703125,464.17498779296875,470.25,6785696
2017-12-27,426.1654357910156,464.1875,467.57501220703125,462.7875061035156,467.5249938964844,3489384
2017-12-28,431.0542907714844,469.51251220703125,470.2250061035156,464.5,464.7250061035156,8700520
2017-12-29,429.7574462890625,468.1000061035156,469.79998779296875,467.0375061035156,469.20001220703125,6345872
2018-01-01,425.6490173339844,463.625,470.1875,462.625,468.17498779296875,6580516
2018-01-02,429.74603271484375,468.0874938964844,468.75,464.63751220703125,464.63751220703125,4776316
2018-01-03,425.2243957519531,463.1625061035156,469.5625,462.79998779296875,468.75,4531288
2018-01-04,426.8885192871094,464.9750061035156,466.375,463.25,463.25,2373776
2018-01-05,427.7376708984375,465.8999938964844,467.01251220703125,463.88751220703125,465.75,2870868
2018-01-08,427.04913330078125,465.1499938964844,467.67498779296875,464.4375,466.25,4570308
2018-01-09,427.7605895996094,465.92498779296875,467.4624938964844,463.75,465.5,5305528
2018-01-10,427.8753356933594,466.04998779296875,466.9750061035156,464.32501220703125,466.29998779296875,4615888
2018-01-11,429.79193115234375,468.13751220703125,469.0,464.0625,466.04998779296875,4059096
2018-01-12,428.1279296875,466.32501220703125,469.5375061035156,465.0,468.25,4336708
2018-01-15,435.57586669921875,474.4375,476.1000061035156,464.9624938964844,467.48748779296875,12576444
2018-01-16,436.126708984375,475.0375061035156,477.5,471.3125,475.86248779296875,6445384
2018-01-17,433.9118347167969,472.625,475.63751220703125,471.75,474.25,2905496
2018-01-18,443.96490478515625,483.57501220703125,488.5,479.51251220703125,481.0,16649540
2018-01-19,448.0733642578125,488.04998779296875,489.9750061035156,479.8125,483.7875061035156,11455988
2018-01-22,450.6324768066406,490.8374938964844,497.0,488.2875061035156,490.0,8849768
2018-01-23,447.8668212890625,487.82501220703125,491.67498779296875,485.82501220703125,491.25,5047796
2018-01-24,449.32421875,489.4125061035156,492.25,487.6499938964844,488.13751220703125,4790568
2018-01-25,453.2949523925781,493.73748779296875,495.0,487.625,488.4750061035156,8723668
2018-01-29,458.9642028808594,499.9125061035156,501.73748779296875,494.5,494.5,8235892
2018-01-30,458.01165771484375,498.875,500.4750061035156,496.0375061035156,499.45001220703125,6397560
2018-01-31,460.3527526855469,501.42498779296875,503.375,496.75,497.3500061035156,6943348
2018-02-01,457.01324462890625,497.7875061035156,503.75,496.32501220703125,501.5,6521420
2018-02-02,447.1093444824219,487.0,497.4750061035156,485.375,496.5,7346124
2018-02-05,439.2711486816406,478.4624938964844,483.8125,476.4624938964844,479.5,7926784
2018-02-06,435.3577880859375,474.20001220703125,478.0,459.07501220703125,465.0,10749804
2018-02-07,429.8492736816406,468.20001220703125,476.75,465.6000061035156,476.75,8364972
2018-02-08,431.7198486328125,470.23748779296875,474.6499938964844,466.625,471.0,5171444
2018-02-09,424.50140380859375,462.375,466.17498779296875,461.0249938964844,461.9750061035156,6408952
2018-02-12,430.7330017089844,469.1625061035156,471.5,463.7875061035156,465.0,4381108
2018-02-14,432.224853515625,470.7875061035156,474.4750061035156,468.6625061035156,472.45001220703125,3577188
2018-02-15,431.93792724609375,470.4750061035156,473.6875,468.75,472.42498779296875,4915224
2018-02-16,431.1805114746094,469.6499938964844,473.7124938964844,468.9125061035156,470.9750061035156,3583520
2018-02-19,431.0887451171875,469.54998779296875,471.8999938964844,464.76251220703125,470.6499938964844,3654552
2018-02-20,427.6458435058594,465.79998779296875,471.4624938964844,464.70001220703125,471.1875,4084068
2018-02-21,426.3146667480469,464.3500061035156,467.13751220703125,463.04998779296875,466.98748779296875,2753072
2018-02-22,425.35064697265625,463.29998779296875,465.0,460.38751220703125,462.5,13253596
2018-02-23,431.6280822753906,470.13751220703125,471.2124938964844,462.6000061035156,464.2250061035156,4076748
2018-02-26,438.7432861328125,477.88751220703125,478.70001220703125,470.88751220703125,472.0249938964844,4788884
2018-02-27,436.6776123046875,475.63751220703125,480.4375,475.0,478.6875,4787328
2018-02-28,432.4658203125,471.04998779296875,473.86248779296875,469.5,472.38751220703125,4066364
2018-03-01,430.20501708984375,468.5874938964844,473.32501220703125,467.0,469.82501220703125,3909840
2018-03-05,429.19512939453125,467.48748779296875,469.5,464.5625,468.5375061035156,3781464
2018-03-06,423.7554931640625,461.5625,469.9750061035156,459.875,467.5,4576828
2018-03-07,420.6225280761719,458.1499938964844,463.3500061035156,457.125,460.0,5628164
2018-03-08,425.2703552246094,463.2124938964844,464.625,458.0,459.95001220703125,5518724
2018-03-09,424.8572082519531,462.76251220703125,466.3125,461.0,463.73748779296875,4108108
2018-03-12,428.5754089355469,466.8125,467.36248779296875,463.3500061035156,465.04998779296875,6557116
2018-03-13,426.9687805175781,465.0625,471.1875,463.75,466.86248779296875,5124200
2018-03-14,427.9442138671875,466.125,466.9750061035156,462.0,464.0,3680392
2018-03-15,431.68548583984375,470.20001220703125,471.875,466.29998779296875,466.29998779296875,5870924
2018-03-16,425.3047180175781,463.25,470.2749938964844,461.63751220703125,470.0,7896336
2018-03-19,423.9849548339844,461.8125,465.0,460.7875061035156,463.25,7838740
2018-03-20,422.20623779296875,459.875,463.9750061035156,458.8125,461.2749938964844,3657372
2018-03-21,426.658935546875,464.7250061035156,465.79998779296875,460.82501220703125,462.0,5921140
2018-03-22,428.690185546875,466.9375,470.0,463.7749938964844,464.7250061035156,6673224
2018-03-23,422.6767272949219,460.38751220703125,463.2749938964844,459.3125,461.6625061035156,7190152
2018-03-26,434.5888977050781,473.36248779296875,475.0,458.375,459.9750061035156,10501768
2018-03-27,434.3937683105469,473.1499938964844,474.75,469.0,473.45001220703125,6136836
2018-03-28,432.90191650390625,471.5249938964844,474.92498779296875,469.01251220703125,470.73748779296875,8837508
2018-04-02,443.2533874511719,482.79998779296875,483.9375,472.625,472.625,4596368
2018-04-03,439.7417297363281,478.9750061035156,481.42498779296875,477.75,480.98748779296875,4079884
2018-04-04,432.2477722167969,470.8125,481.23748779296875,469.61248779296875,478.23748779296875,3714108
2018-04-05,438.1350402832031,477.2250061035156,478.5,472.54998779296875,475.32501220703125,4858892
2018-04-06,441.4631042480469,480.8500061035156,481.61248779296875,476.45001220703125,478.04998779296875,3720008
2018-04-09,445.0551452636719,484.76251220703125,485.5,479.1000061035156,479.70001220703125,4003536
2018-04-10,440.8778076171875,480.2124938964844,485.75,478.375,485.75,6067236
2018-04-11,440.4187927246094,479.7124938964844,480.0,476.3500061035156,478.9750061035156,2870812
2018-04-12,442.7026062011719,482.20001220703125,483.2250061035156,476.4750061035156,479.0,4712516
2018-04-13,441.8303527832031,481.25,485.0,479.7749938964844,482.0,3297172
2018-04-16,445.7551574707031,485.5249938964844,487.5,479.9624938964844,480.0,2847744
2018-04-17,447.22412109375,487.125,487.75,483.5249938964844,485.875,2667832
2018-04-18,443.57470703125,483.1499938964844,488.375,482.51251220703125,487.75,2712720
2018-04-19,445.0436706542969,484.75,486.20001220703125,483.25,485.0,3169032
2018-04-20,448.9225769042969,488.9750061035156,490.25,483.0375061035156,485.25,9361380
2018-04-23,444.2976989746094,483.9375,494.75,465.07501220703125,494.75,15304620
2018-04-24,444.1256103515625,483.75,487.01251220703125,481.5,483.75,5037416
2018-04-25,440.8548889160156,480.1875,484.5,478.0,481.9750061035156,4020592
2018-04-26,443.0353088378906,482.5625,484.79998779296875,477.8125,479.20001220703125,7847480
2018-04-27,441.4631042480469,480.8500061035156,483.875,478.125,483.25,5777008
2018-04-30,446.2601013183594,486.07501220703125,488.70001220703125,482.20001220703125,482.5,4609552
2018-05-02,452.04412841796875,492.375,494.5,486.5,487.5,7100048
2018-05-03,451.6767883300781,491.9750061035156,493.7250061035156,486.5,492.01251220703125,4152772
2018-05-04,456.405029296875,497.125,497.5,491.57501220703125,492.5,6881436
2018-05-07,453.8572998046875,494.3500061035156,496.82501220703125,493.75,495.4125061035156,5264128
2018-05-08,451.48175048828125,491.76251220703125,494.9750061035156,488.6499938964844,494.8125,7100564
2018-05-09,454.08685302734375,494.6000061035156,495.125,489.0375061035156,489.0375061035156,4327332
2018-05-10,457.36895751953125,498.17498779296875,499.75,495.5,497.1499938964844,7171672
2018-05-11,461.7414245605469,502.9375,504.25,496.5,498.17498779296875,6057068
2018-05-14,464.03662109375,505.4375,506.8500061035156,503.1000061035156,504.29998779296875,4742916
2018-05-15,467.7204284667969,509.45001220703125,516.25,506.67498779296875,506.76251220703125,9826684
2018-05-16,464.4039001464844,505.8374938964844,512.25,504.2875061035156,507.63751220703125,6841604
2018-05-17,465.41375732421875,506.9375,511.11248779296875,503.125,505.9624938964844,6615476
2018-05-18,461.8332824707031,503.0375061035156,506.17498779296875,500.875,506.17498779296875,5217460
2018-05-21,457.4493713378906,498.26251220703125,505.25,496.51251220703125,504.0249938964844,4848108
2018-05-22,456.72637939453125,497.4750061035156,503.48748779296875,496.375,499.67498779296875,3960372
2018-05-23,451.5850524902344,491.875,498.5,490.8500061035156,496.95001220703125,5726292
2018-05-24,455.8312072753906,496.5,497.5625,489.0874938964844,491.7749938964844,4520744
2018-05-25,461.0413818359375,502.17498779296875,504.0,497.4750061035156,497.5,4759588
2018-05-28,468.7303466796875,510.54998779296875,513.0,501.5,501.95001220703125,5103940
2018-05-29,466.5269775390625,508.1499938964844,513.1749877929688,507.20001220703125,509.5,3351244
2018-05-30,470.1419372558594,512.0875244140625,513.25,504.07501220703125,504.92498779296875,4866996
2018-05-31,494.1877746582031,534.8624877929688,540.0,520.0,525.0,39639192
2018-06-01,487.52374267578125,527.6500244140625,534.5,525.25,529.0,21151356
2018-06-04,472.6481628417969,511.54998779296875,539.25,509.48748779296875,537.5,88796324
2018-06-05,476.6673583984375,515.9000244140625,516.7374877929688,505.75,512.5,17105460
2018-06-06,475.2237548828125,514.3375244140625,516.2000122070312,511.25,515.0499877929688,9782000
2018-06-07,476.3439636230469,515.5499877929688,519.9500122070312,513.2999877929688,518.2999877929688,10563896
2018-06-08,473.3757629394531,512.3375244140625,515.3125,508.75,514.75,6180888
2018-06-11,471.7472839355469,510.57501220703125,515.7374877929688,509.70001220703125,512.9749755859375,7091188
2018-06-12,472.1053466796875,510.9624938964844,513.1749877929688,509.6000061035156,512.9749755859375,5234256
2018-06-13,469.2410583496094,507.86248779296875,513.7000122070312,506.0249938964844,513.0,7897960
2018-06-14,470.6154479980469,509.3500061035156,511.25,506.25,507.5,16927576
2018-06-15,468.813720703125,507.3999938964844,509.7250061035156,505.57501220703125,506.5,10880816
2018-06-18,466.39990234375,504.7875061035156,509.70001220703125,502.2749938964844,507.5249938964844,7487404
2018-06-19,467.4046936035156,505.875,510.17498779296875,504.82501220703125,506.23748779296875,10981152
2018-06-20,474.9465026855469,514.0374755859375,514.5,506.25,506.5,9051712
2018-06-21,475.2814025878906,514.4000244140625,517.7000122070312,511.76251220703125,515.0,13510704
2018-06-22,481.2293701171875,520.8375244140625,522.2000122070312,512.4625244140625,514.2374877929688,7848980
2018-06-25,483.9088134765625,523.7374877929688,524.4500122070312,518.2625122070312,520.7625122070312,6992336
2018-06-26,483.62005615234375,523.4249877929688,525.75,519.9625244140625,521.5125122070312,9161932
2018-06-27,487.9857482910156,528.1500244140625,529.875,522.5,523.25,19126804
2018-06-28,492.2012634277344,532.7125244140625,535.0,527.7999877929688,528.75,37533540
2018-06-29,487.0271911621094,527.1124877929688,535.0,526.2750244140625,530.4249877929688,19458120
2018-07-02,478.8963928222656,518.3125,527.0999755859375,515.8125,527.0875244140625,9864876
2018-07-03,478.19189453125,517.5499877929688,521.25,516.4000244140625,518.3125,6863100
2018-07-04,485.89532470703125,525.8875122070312,527.0125122070312,517.25,519.0625,6097992
2018-07-05,490.5611877441406,530.9375,532.25,523.1375122070312,526.25,9735968
2018-07-06,488.57476806640625,528.7874755859375,533.8875122070312,527.8375244140625,528.3250122070312,8121344
2018-07-09,491.0001220703125,531.4124755859375,532.5,526.9375,530.4625244140625,6182296
2018-07-10,495.7931823730469,536.5999755859375,537.4000244140625,531.25,532.4749755859375,10950736
2018-07-11,496.2205505371094,537.0625,538.9249877929688,533.7000122070312,536.2625122070312,5857920
2018-07-12,500.3089599609375,541.4874877929688,544.9625244140625,538.0,538.2249755859375,8020668
2018-07-13,503.7622375488281,545.2249755859375,547.7000122070312,540.7750244140625,542.0999755859375,7161188
2018-07-16,500.97882080078125,542.2125244140625,547.5125122070312,540.9375,544.8499755859375,9017336
2018-07-17,502.8035888671875,544.1875,545.25,540.8125,540.8125,6361924
2018-07-18,502.6766357421875,544.0499877929688,555.0,543.4124755859375,546.75,17460272
2018-07-19,504.96331787109375,546.5250244140625,548.375,542.75,545.75,5304776
2018-07-20,505.6447448730469,547.2625122070312,550.7125244140625,542.7750244140625,546.5250244140625,10006964
2018-07-23,498.11456298828125,539.1124877929688,544.5,534.5125122070312,537.5,16880132
2018-07-24,498.8768615722656,539.9375,542.25,536.75,536.75,5208792
2018-07-25,501.3253173828125,542.5875244140625,544.2000122070312,540.0,541.1624755859375,7038616
2018-07-26,506.46478271484375,548.1500244140625,550.8624877929688,541.25,541.25,21281092
2018-07-27,508.6708068847656,550.5374755859375,552.9874877929688,546.1749877929688,550.4874877929688,10554596
2018-07-30,501.22137451171875,542.4749755859375,549.75,539.8499755859375,549.75,7169120
2018-07-31,503.4388732910156,544.875,546.4749755859375,537.5125122070312,540.0,8860944
2018-08-01,498.63433837890625,539.6749877929688,543.75,537.9249877929688,540.7000122070312,6071560
2018-08-02,492.0511474609375,532.5499877929688,538.4249877929688,530.3375244140625,538.375,8905704
2018-08-03,490.076171875,530.4124755859375,536.7625122070312,528.5,533.3875122070312,13604008
2018-08-06,488.37841796875,528.5750122070312,534.3499755859375,526.5250244140625,530.25,5744632
2018-08-07,492.21282958984375,532.7249755859375,533.625,527.0,531.25,7428456
2018-08-08,493.4718017578125,534.0875244140625,537.9500122070312,533.2625122070312,533.9625244140625,9945380
2018-08-09,489.34857177734375,529.625,535.5,523.6624755859375,535.5,8944408
2018-08-10,488.4130554199219,528.6124877929688,530.9500122070312,524.5,530.875,5442940
2018-08-13,483.14654541015625,522.9124755859375,525.9874877929688,520.0,521.0,10054252
2018-08-14,482.5575866699219,522.2750244140625,526.25,521.7999877929688,524.5,4935964
2018-08-16,479.4622802734375,518.9249877929688,521.6749877929688,516.5999755859375,520.75,10625160
2018-08-17,479.8434753417969,519.3375244140625,523.2625122070312,517.9124755859375,520.7249755859375,6065328
2018-08-20,484.1974792480469,524.0499877929688,526.9000244140625,518.75,518.75,7811136
2018-08-21,484.16290283203125,524.0125122070312,528.0,523.1624755859375,524.5,7776320
2018-08-23,480.4324951171875,519.9749755859375,526.75,519.2125244140625,526.25,12574552
2018-08-24,478.1110534667969,517.4625244140625,523.4000244140625,516.5125122070312,517.75,9714628
2018-08-27,480.5595397949219,520.1124877929688,522.125,517.5625,519.25,12574788
2018-08-28,483.8857421875,523.7125244140625,524.5625,519.7000122070312,522.0,9973532
2018-08-29,480.10906982421875,519.625,523.5125122070312,518.1875,523.0374755859375,9873692
2018-08-30,477.2448425292969,516.5250244140625,521.9749755859375,515.4625244140625,520.9000244140625,21827460
2018-08-31,476.11297607421875,515.2999877929688,519.6875,514.5625,517.2999877929688,15771500
2018-09-03,479.3121643066406,518.7625122070312,519.7374877929688,515.875,517.3499755859375,7661608
2018-09-04,473.941650390625,512.9500122070312,519.4874877929688,512.25,519.2249755859375,7130536
2018-09-05,472.5672607421875,511.4624938964844,515.0499877929688,508.88751220703125,513.4500122070312,5641508
2018-09-06,474.0340270996094,513.0499877929688,514.75,508.1499938964844,512.25,10402412
2018-09-07,475.1312561035156,514.2374877929688,515.0,510.1875,512.75,5919300
2018-09-10,471.481689453125,510.2875061035156,513.75,506.2749938964844,513.75,8598592
2018-09-11,462.0688781738281,500.1000061035156,512.0,498.5375061035156,511.57501220703125,18186536
2018-09-12,464.71368408203125,502.9624938964844,505.3374938964844,497.38751220703125,500.4750061035156,12246008
2018-09-14,468.813720703125,507.3999938964844,509.3500061035156,504.73748779296875,504.9624938964844,10334672
2018-09-17,460.1747741699219,498.04998779296875,505.73748779296875,497.0,505.32501220703125,9338220
2018-09-18,459.4817810058594,497.29998779296875,502.4624938964844,495.23748779296875,498.7250061035156,9325736
2018-09-19,453.0487365722656,490.3374938964844,499.5,489.125,498.7124938964844,16712264
2018-09-21,455.10455322265625,492.5625,499.9624938964844,477.54998779296875,493.4750061035156,22610148
2018-09-24,444.8140563964844,481.42498779296875,493.04998779296875,478.75,491.8125,13390792
2018-09-25,450.9814758300781,488.1000061035156,490.5,478.75,481.42498779296875,16682552
2018-09-26,454.6310119628906,492.04998779296875,494.5,488.82501220703125,490.73748779296875,14726724
2018-09-27,456.46746826171875,494.0375061035156,496.5,488.7875061035156,492.3500061035156,18352208
2018-09-28,463.3740234375,501.51251220703125,503.86248779296875,494.2875061035156,495.1625061035156,14460716
2018-10-01,470.1650390625,508.86248779296875,510.5,499.45001220703125,502.45001220703125,12449588
2018-10-03,469.1717834472656,507.7875061035156,513.0499877929688,501.75,507.61248779296875,15332148
2018-10-04,452.2171936035156,489.4375,504.45001220703125,485.75,502.0,17970584
2018-10-05,453.9612121582031,491.32501220703125,497.5,485.0375061035156,488.48748779296875,15729180
2018-10-08,449.2721252441406,486.25,492.25,482.5,491.25,20128020
2018-10-09,448.25579833984375,485.1499938964844,491.25,482.5,486.1000061035156,12459364
2018-10-10,454.3885498046875,491.7875061035156,495.5625,483.875,486.25,15939932
2018-10-11,447.55126953125,484.38751220703125,487.07501220703125,479.3999938964844,481.25,14359904
2018-10-12,457.78399658203125,495.4624938964844,499.2749938964844,485.5,486.25,9600320
2018-10-15,463.8359375,502.01251220703125,502.70001220703125,492.57501220703125,497.5,12585968
2018-10-16,460.3018798828125,498.1875,504.54998779296875,496.875,500.75,9406004
2018-10-17,456.1094055175781,493.6499938964844,503.25,490.875,501.5249938964844,7940796
2018-10-19,454.527099609375,491.9375,495.2124938964844,489.5,489.7250061035156,9867348
2018-10-22,461.722412109375,499.7250061035156,505.0,497.1499938964844,503.5,20331160
2018-10-23,458.4770202636719,496.2124938964844,499.7250061035156,493.25,493.25,19428564
2018-10-24,460.1863098144531,498.0625,502.20001220703125,493.1499938964844,501.0,18072336
2018-10-25,454.7696533203125,492.20001220703125,500.8999938964844,490.61248779296875,493.3999938964844,29847056
2018-10-26,453.01416015625,490.29998779296875,494.29998779296875,487.25,492.20001220703125,15155712
2018-10-29,444.95263671875,481.57501220703125,491.23748779296875,473.79998779296875,491.0249938964844,17044280
2018-10-30,441.8227844238281,478.1875,483.0,474.82501220703125,481.25,13828704
2018-10-31,441.5917053222656,477.9375,479.4750061035156,471.25,475.51251220703125,23449404
2018-11-01,441.6957702636719,478.04998779296875,482.5,474.0,482.5,19629052
2018-11-02,450.3000183105469,487.36248779296875,490.0,478.0,481.5,30092868
2018-11-05,451.81298828125,489.0,489.9125061035156,484.5,487.4750061035156,5705296
2018-11-06,449.63018798828125,486.63751220703125,494.0,485.73748779296875,488.75,8485588
2018-11-07,452.2633972167969,489.48748779296875,491.23748779296875,487.5,490.25,958760
2018-11-09,449.3644714355469,486.3500061035156,489.9750061035156,484.07501220703125,489.54998779296875,10101620
2018-11-12,443.7400207519531,480.26251220703125,490.5,479.2875061035156,487.875,7907764
2018-11-13,445.28759765625,481.9375,484.42498779296875,477.04998779296875,479.75,13350420
2018-11-14,452.2171936035156,489.4375,490.0,484.1499938964844,484.63751220703125,26110636
2018-11-15,456.2364196777344,493.7875061035156,494.32501220703125,482.79998779296875,490.4750061035156,10392524
2018-11-16,462.96978759765625,501.07501220703125,503.25,495.0,495.25,15813216
2018-11-19,465.187255859375,503.4750061035156,505.25,500.4750061035156,502.75,12286428
2018-11-20,464.852294921875,503.11248779296875,504.8999938964844,499.76251220703125,503.25,5705168
2018-11-21,466.30755615234375,504.6875,505.98748779296875,501.0,503.1875,6545604
2018-11-22,463.2469482421875,501.375,508.75,500.0375061035156,503.3125,12974552
2018-11-26,473.4797668457031,512.4500122070312,513.0,503.01251220703125,503.4750061035156,18184436
2018-11-27,476.7597351074219,516.0,516.9749755859375,510.1875,510.26251220703125,12895440
2018-11-28,482.5921936035156,522.3125,524.6500244140625,515.0250244140625,516.25,13021108
2018-11-29,492.24749755859375,532.7625122070312,534.3499755859375,523.5,525.25,31908636
2018-11-30,491.64691162109375,532.1124877929688,534.3875122070312,527.5,532.5,13040924
2018-12-03,488.1474304199219,528.3250122070312,535.5,526.7249755859375,532.75,10799856
2018-12-04,481.737548828125,521.3875122070312,527.75,519.6500244140625,526.3499755859375,8157420
2018-12-05,484.8905029296875,524.7999877929688,526.3250122070312,518.9874877929688,519.5,11798844
2018-12-06,484.3938903808594,524.2625122070312,525.4124755859375,521.25,522.4249877929688,11730252
2018-12-07,486.8308410644531,526.9000244140625,529.5,520.0750122070312,526.6749877929688,9903920
2018-12-10,482.4767150878906,522.1875,526.2000122070312,516.4749755859375,516.4749755859375,10915056
2018-12-11,475.73187255859375,514.8875122070312,517.8250122070312,508.0,514.0,18905780
2018-12-12,481.6798400878906,521.3250122070312,522.4500122070312,515.0250244140625,516.7374877929688,11370488
2018-12-13,485.3756103515625,525.3250122070312,531.25,522.8250122070312,523.75,7064236
2018-12-14,484.0820617675781,523.9249877929688,529.5,522.0125122070312,526.2249755859375,6158284
2018-12-17,492.0511474609375,532.5499877929688,533.1500244140625,524.75,526.0,8437324
2018-12-18,493.263916015625,533.8624877929688,534.75,525.6500244140625,531.0,7413968
2018-12-19,490.4920349121094,530.8624877929688,539.8499755859375,528.3875122070312,533.2750244140625,9009896
2018-12-20,493.7257995605469,534.3624877929688,535.1124877929688,525.6624755859375,528.1375122070312,7980476
2018-12-21,487.65081787109375,527.7874755859375,537.2750244140625,527.2625122070312,533.5,10220308
2018-12-24,480.60565185546875,520.1624755859375,526.0,519.3375244140625,526.0,5601488
2018-12-26,490.2378845214844,530.5875244140625,531.75,517.25,519.25,7601916
2018-12-27,486.2418212890625,526.2625122070312,534.5499877929688,524.6124877929688,533.25,11639868
2018-12-28,490.3648681640625,530.7249755859375,534.4375,528.875,529.3375244140625,9415612
2018-12-31,490.08782958984375,530.4249877929688,534.25,529.1749877929688,534.25,5866528
2019-01-01,496.18585205078125,537.0250244140625,537.75,526.4000244140625,531.9124755859375,6373440
2019-01-02,491.6585388183594,532.125,536.875,529.9249877929688,535.7000122070312,8134232
2019-01-03,487.8009948730469,527.9500122070312,532.0625,525.75,531.0499877929688,12771664
2019-01-04,489.1060791015625,529.3624877929688,532.125,527.5875244140625,528.8125,7287120
2019-01-07,489.84515380859375,530.1624755859375,533.8375244140625,529.5,531.9249877929688,5387012
2019-01-08,485.76824951171875,525.75,530.875,524.1624755859375,530.5,8343460
2019-01-09,488.9559020996094,529.2000122070312,530.3375244140625,525.6500244140625,529.5,8568628
2019-01-10,487.0386962890625,527.125,530.9500122070312,523.1624755859375,529.25,7691540
2019-01-11,487.823974609375,527.9749755859375,531.0,527.0,528.4500122070312,6408040
2019-01-14,485.4564208984375,525.4124755859375,527.4749755859375,524.6124877929688,527.4749755859375,4855160
2019-01-15,490.13397216796875,530.4749755859375,531.625,525.5,526.2625122070312,5087556
2019-01-16,489.7413330078125,530.0499877929688,531.25,527.0625,530.0125122070312,5252452
2019-01-17,492.53619384765625,533.0750122070312,533.9749755859375,528.3375244140625,531.3125,8240228
2019-01-18,492.062744140625,532.5625,534.75,528.6375122070312,533.75,5207976
2019-01-21,496.19732666015625,537.0374755859375,541.625,531.625,534.9874877929688,17561512
2019-01-22,493.3562316894531,533.9625244140625,536.7000122070312,532.2625122070312,536.5,8796976
2019-01-23,486.3226013183594,526.3499755859375,533.9625244140625,525.3624877929688,533.5,7624288
2019-01-24,485.5950927734375,525.5625,530.4124755859375,524.4749755859375,527.5,10111572
2019-01-25,484.1513366699219,524.0,527.5,522.5,523.25,11262236
2019-01-28,481.41412353515625,521.0374755859375,525.5125122070312,519.1875,522.5,15360436
2019-01-29,475.2814025878906,514.4000244140625,520.75,513.25,519.5625,14762788
2019-01-30,469.9917907714844,508.67498779296875,514.3125,507.0,514.3125,18514160
2019-01-31,480.4439697265625,519.9874877929688,522.4375,505.5,507.75,16579404
2019-02-01,482.8693542480469,522.6124877929688,529.25,519.1500244140625,519.9874877929688,15654188
2019-02-04,486.2071533203125,526.2249755859375,528.25,520.6624755859375,523.75,7938288
2019-02-05,488.3207092285156,528.5125122070312,529.75,524.25,527.0,8690288
2019-02-06,490.3071594238281,530.6624755859375,531.75,528.4000244140625,529.0625,10875684
2019-02-07,489.059814453125,529.3125,532.5,526.4625244140625,531.2625122070312,7217308
2019-02-08,490.3071594238281,530.6624755859375,536.2374877929688,526.6624755859375,528.0,12235644
2019-02-11,494.23406982421875,534.9124755859375,535.7249755859375,528.3250122070312,528.3250122070312,7036364
2019-02-12,491.9356384277344,532.4249877929688,537.0,531.2000122070312,534.5,9772388
2019-02-14,487.431396484375,527.5499877929688,535.0,526.4000244140625,535.0,7441388
2019-02-15,485.22540283203125,525.1624755859375,527.0250244140625,519.5499877929688,526.8375244140625,8416524
2019-02-18,482.7423095703125,522.4749755859375,529.5,521.5,526.7000122070312,7138744
2019-02-19,481.39105224609375,521.0125122070312,527.0374755859375,519.5499877929688,522.4249877929688,5268636
2019-02-20,487.0040588378906,527.0875244140625,527.75,520.4749755859375,522.125,4892500
2019-02-21,488.7480163574219,528.9749755859375,529.9874877929688,523.4000244140625,525.4249877929688,5261544
2019-02-22,483.100341796875,522.8624877929688,532.0250244140625,522.2750244140625,529.8499755859375,8890708
2019-02-25,490.9423828125,531.3499755859375,532.4874877929688,523.7874755859375,523.7874755859375,8140596
2019-02-26,487.53533935546875,527.6624755859375,531.25,525.2750244140625,527.8125,9607428
2019-02-27,483.2850646972656,523.0625,531.1124877929688,522.0374755859375,529.0250244140625,7030092
2019-02-28,479.8896179199219,519.3875122070312,526.4625244140625,518.2999877929688,523.2750244140625,11645376
2019-03-01,481.2293701171875,520.8375244140625,525.2249755859375,519.25,521.5625,9352928
2019-03-05,486.7153015136719,526.7750244140625,527.7750244140625,517.5,522.2249755859375,11837276
2019-03-06,486.0569763183594,526.0625,527.5750122070312,522.6375122070312,527.5,8458044
2019-03-07,491.19647216796875,531.625,532.5,523.75,527.4000244140625,10204852
2019-03-08,491.58917236328125,532.0499877929688,532.5,527.3624877929688,528.7625122070312,7053460
2019-03-11,491.64691162109375,532.1124877929688,535.9249877929688,530.5499877929688,533.0,9224108
2019-03-12,501.4754943847656,542.75,543.75,534.25,536.75,15097292
2019-03-13,514.3069458007812,556.6375122070312,558.5,543.0250244140625,543.75,57166348
2019-03-14,513.89111328125,556.1875,561.875,552.6500244140625,561.2125244140625,15379864
2019-03-15,520.41650390625,563.25,564.9749755859375,557.0125122070312,557.75,12763088
2019-03-18,522.3682861328125,565.3624877929688,572.9124755859375,561.75,565.4749755859375,14358720
2019-03-19,523.8236694335938,566.9375,568.9749755859375,562.75,567.375,11957992
2019-03-20,531.0419311523438,574.75,575.0,565.2625122070312,567.25,11711992
2019-03-22,525.7638549804688,569.0374755859375,576.75,567.7000122070312,575.0,30403880
2019-03-25,526.9534301757812,570.3250122070312,571.9625244140625,563.25,565.0,9199260
2019-03-26,533.8946533203125,577.8375244140625,578.75,568.1500244140625,568.9749755859375,11786848
2019-03-27,531.1458740234375,574.8624877929688,582.0125122070312,569.7625122070312,579.6375122070312,13885300
2019-03-28,531.9197387695312,575.7000122070312,581.25,571.9625244140625,574.7000122070312,19554328
2019-04-01,533.9987182617188,577.9500122070312,583.0,576.1500244140625,581.3125,9647076
2019-04-02,530.0833740234375,573.7125244140625,580.0,571.3624877929688,580.0,10910496
2019-04-03,529.5982666015625,573.1875,579.0,572.0625,573.0250244140625,7659452
2019-04-04,527.5656127929688,570.9874877929688,578.25,570.0,573.1875,9211552
2019-04-05,532.5665283203125,576.4000244140625,578.4375,570.5,571.9500122070312,8351180
2019-04-08,528.824462890625,572.3499755859375,580.7374877929688,570.0250244140625,579.75,6398132
2019-04-09,528.3278198242188,571.8125,575.75,566.75,574.1500244140625,10777600
2019-04-10,516.8015747070312,559.3375244140625,571.0,557.75,562.5,108128700
2019-04-11,521.4559936523438,564.375,565.75,559.2374877929688,561.2249755859375,8793300
2019-04-12,523.24609375,566.3125,568.0499877929688,563.0250244140625,563.0250244140625,9170444
2019-04-15,528.6858520507812,572.2000122070312,573.2249755859375,566.0875244140625,567.5,10219780
2019-04-16,532.439453125,576.2625122070312,577.4749755859375,570.0750122070312,572.7374877929688,8273776
2019-04-18,529.8062133789062,573.4124755859375,578.7625122070312,572.0,578.25,10614856
2019-04-22,524.0430297851562,567.1749877929688,581.25,565.25,581.25,20980420
2019-04-23,518.6378173828125,561.3250122070312,572.5,560.4000244140625,569.3875122070312,15282400
2019-04-24,526.595458984375,569.9375,570.9749755859375,561.7625122070312,562.5,12354128
2019-04-25,522.8303833007812,565.8624877929688,574.7000122070312,564.4874877929688,571.7249755859375,18086636
2019-04-26,526.8727416992188,570.2374877929688,571.25,564.2249755859375,566.4749755859375,11707568
2019-04-30,535.3036499023438,579.3624877929688,580.0,569.5999755859375,571.25,12536836
2019-05-02,544.162109375,588.9500122070312,589.9124755859375,579.375,580.875,17169300
2019-05-03,546.9685668945312,591.9874877929688,594.5,589.125,591.0499877929688,12351520
2019-05-06,537.8446044921875,582.1124877929688,587.9749755859375,579.2625122070312,587.0,13748092
2019-05-07,536.435546875,580.5875244140625,589.5,579.5,587.9749755859375,9924204
2019-05-08,532.9476928710938,576.8125,580.9500122070312,572.0,580.6375122070312,12064208
2019-05-09,529.1710205078125,572.7249755859375,575.0,567.9000244140625,575.0,9027724
2019-05-10,530.4645385742188,574.125,581.2249755859375,572.8375244140625,572.8375244140625,10594200
2019-05-13,528.3162841796875,571.7999877929688,578.3375244140625,570.0,574.0125122070312,11071632
2019-05-14,528.4779663085938,571.9749755859375,577.75,568.8875122070312,574.1749877929688,10494744
2019-05-15,528.2008666992188,571.6749877929688,576.7999877929688,570.5499877929688,574.0,8956348
2019-05-16,533.7329711914062,577.6624755859375,579.75,570.0,570.1375122070312,8050136
2019-05-17,545.6173706054688,590.5250244140625,592.3250122070312,577.9000244140625,578.25,14758780
2019-05-20,561.8441772460938,608.0875244140625,609.6749877929688,595.0,602.0,17699632
2019-05-21,555.2265014648438,600.9249877929688,612.3499755859375,599.8624877929688,609.5,10325176
2019-05-22,555.6998901367188,601.4375,606.5,598.5625,602.9625244140625,11386660
2019-05-23,538.687744140625,583.0250244140625,609.9749755859375,579.7750244140625,602.25,33081996
2019-05-24,548.2160034179688,593.3375244140625,596.5374755859375,585.0374755859375,589.9249877929688,13692800
2019-05-27,556.300537109375,602.0875244140625,605.4749755859375,593.0625,594.7249755859375,12049024
2019-05-28,558.1137084960938,604.0499877929688,605.0,596.7625122070312,604.125,7364840
2019-05-29,558.2754516601562,604.2249755859375,607.7000122070312,602.5499877929688,602.5499877929688,7475216
2019-05-30,563.5074462890625,609.8875122070312,611.9749755859375,603.2625122070312,604.0,9359200
2019-05-31,560.227294921875,606.3375244140625,616.25,589.2000122070312,614.2000122070312,19785080
2019-06-03,567.5611572265625,614.2750244140625,614.9500122070312,606.2374877929688,606.75,8480860
2019-06-04,566.452392578125,613.0750122070312,616.4375,610.2625122070312,613.75,6442988
2019-06-06,559.7653198242188,605.8375244140625,617.5,603.3375244140625,613.2999877929688,15634924
2019-06-07,565.37841796875,611.9124755859375,613.5625,602.25,606.4124755859375,7970932
2019-06-10,563.657470703125,610.0499877929688,617.4874877929688,608.0250244140625,617.4874877929688,7077140
2019-06-11,565.5516357421875,612.0999755859375,614.9749755859375,610.0875244140625,612.875,7103292
2019-06-12,560.6201171875,606.7625122070312,612.0999755859375,605.9124755859375,611.25,7308620
2019-06-13,564.6969604492188,611.1749877929688,613.0,603.9874877929688,608.9874877929688,11107948
2019-06-14,562.4794311523438,608.7750244140625,614.7374877929688,606.25,610.7374877929688,11956920
2019-06-17,559.4535522460938,605.5,609.9749755859375,604.3250122070312,608.75,12810020
2019-06-18,558.3562622070312,604.3125,608.0,601.0,604.5,12419652
2019-06-19,560.92041015625,607.0875244140625,611.2249755859375,604.1749877929688,606.75,10744276
2019-06-20,563.9418334960938,606.5875244140625,609.25,603.6500244140625,607.0875244140625,11171492
2019-06-21,561.1178588867188,603.5499877929688,607.4249877929688,601.4124755859375,606.5,13250260
2019-06-24,561.9894409179688,604.4874877929688,607.6500244140625,602.5,602.9874877929688,6915000
2019-06-25,564.4879760742188,607.1749877929688,610.375,600.75,604.9625244140625,8899800
2019-06-26,573.5990600585938,616.9749755859375,617.5,605.5,606.1749877929688,10533636
2019-06-27,572.2974853515625,615.5750122070312,623.625,614.0374755859375,617.1875,19879236
2019-06-28,567.9860229492188,610.9375,618.75,609.2625122070312,616.0,12756844
2019-07-01,577.7013549804688,621.3875122070312,622.25,612.5125122070312,614.0,8524160
2019-07-02,579.8976440429688,623.75,624.375,616.7999877929688,622.0,7246828
2019-07-03,578.6541748046875,622.4124755859375,625.8250122070312,620.75,624.75,7463256
2019-07-04,577.2945556640625,620.9500122070312,624.4749755859375,618.0,623.7000122070312,7993964
2019-07-05,574.6448974609375,618.0999755859375,623.7374877929688,615.0,621.2750244140625,7583060
2019-07-08,560.048583984375,602.4000244140625,618.6500244140625,599.2625122070312,618.6375122070312,14607140
2019-07-09,552.9713134765625,594.7874755859375,602.7000122070312,593.25,600.9625244140625,16482688
2019-07-10,555.2026977539062,597.1875,599.5,591.5625,594.6875,11569148
2019-07-11,559.479248046875,601.7874755859375,603.5,598.9124755859375,600.75,9097596
2019-07-12,556.399658203125,598.4749755859375,604.5,596.2625122070312,604.5,8976272
2019-07-15,556.5972900390625,598.6875,600.75,594.3375244140625,599.0,8233184
2019-07-16,555.7721557617188,597.7999877929688,604.5,595.5,604.5,12770568
2019-07-17,557.2247314453125,599.3624877929688,602.9000244140625,597.8250122070312,598.2374877929688,7759736
2019-07-18,560.5831909179688,602.9749755859375,607.25,600.4749755859375,600.75,10802584
2019-07-19,552.1578369140625,593.9124755859375,605.1749877929688,591.75,603.75,8939228
2019-07-22,533.9359130859375,574.3125,587.4625244140625,570.3125,586.25,22171296
2019-07-23,526.091552734375,565.875,573.625,560.5125122070312,573.625,27802864
2019-07-24,530.1356201171875,570.2249755859375,573.25,562.75,564.1875,17363740
2019-07-25,531.332763671875,571.5125122070312,578.8624877929688,570.0625,571.25,19462008
2019-07-26,529.2990112304688,569.3250122070312,573.4124755859375,568.2125244140625,569.5499877929688,12829828
2019-07-29,521.6290283203125,561.0750122070312,568.3875122070312,555.7625122070312,568.3875122070312,9976492
2019-07-30,523.476806640625,563.0625,567.7999877929688,559.9749755859375,563.75,10394136
2019-07-31,523.3372802734375,562.9124755859375,566.75,558.5625,560.0,13891840
2019-08-01,517.5487670898438,555.4500122070312,560.0,549.25,557.2750244140625,18241676
2019-08-02,515.8132934570312,553.5875244140625,556.0,545.5,552.75,27825536
2019-08-05,507.6371154785156,544.8125,550.0,540.625,549.2625122070312,19822440
2019-08-06,509.9316711425781,547.2750244140625,552.5625,541.75,541.75,24890940
2019-08-07,508.7435607910156,546.0,550.5,541.25,547.5,18750136
2019-08-08,520.1925659179688,558.2874755859375,560.75,545.75,549.5,19711600
2019-08-09,531.57177734375,570.5,572.25,559.9500122070312,561.75,30436112
2019-08-13,517.2109985351562,555.0875244140625,568.3250122070312,550.6500244140625,568.3250122070312,15440068
2019-08-14,519.3307495117188,557.3624877929688,558.8499755859375,550.7625122070312,558.8499755859375,14254052
2019-08-16,518.9231567382812,556.9249877929688,558.25,551.0250244140625,553.5,15247560
2019-08-19,514.066162109375,551.7125244140625,560.5,550.4249877929688,559.625,8498200
2019-08-20,517.2692260742188,555.1500244140625,556.9500122070312,551.7125244140625,552.3125,10270592
2019-08-21,518.4921875,556.4625244140625,560.2999877929688,553.5499877929688,556.2249755859375,10472712
2019-08-22,506.4375305175781,543.5250244140625,555.2125244140625,541.7625122070312,555.2125244140625,13992044
2019-08-23,503.78192138671875,540.6749877929688,544.25,534.9000244140625,540.25,20099616
2019-08-26,525.5501708984375,564.0374755859375,566.5374755859375,541.75,548.7249755859375,25280244
2019-08-27,526.4354248046875,564.9874877929688,568.2249755859375,560.0250244140625,564.0,20660832
2019-08-28,523.5352783203125,561.875,564.3375244140625,556.5875244140625,562.5,13662588
2019-08-29,518.7483520507812,556.7374877929688,563.4249877929688,555.0750122070312,561.5,14783716
2019-08-30,518.9812622070312,556.9874877929688,565.0,555.5,558.375,19233320
2019-09-03,515.021240234375,552.7374877929688,555.25,549.0374755859375,555.0,11428676
2019-09-04,523.5935668945312,561.9375,568.5,549.75,551.75,15060704
2019-09-05,520.6585083007812,558.7874755859375,568.0999755859375,556.25,562.25,17296252
2019-09-06,523.16259765625,561.4749755859375,564.1500244140625,555.3250122070312,557.0,12870004
2019-09-09,524.0245361328125,562.4000244140625,565.2249755859375,554.0250244140625,561.5,10643404
2019-09-11,524.4205322265625,562.8250122070312,568.5,560.2874755859375,568.5,15209116
2019-09-12,528.9744873046875,567.7125244140625,572.2000122070312,562.0374755859375,562.6749877929688,18132300
2019-09-13,525.85302734375,564.3624877929688,566.8624877929688,559.5,562.75,15371340
2019-09-16,522.7549438476562,561.0374755859375,565.6624755859375,560.25,562.9749755859375,11030184
2019-09-17,515.114501953125,552.8375244140625,562.125,549.5250244140625,561.9749755859375,10656556
2019-09-18,509.6171875,546.9375,556.0374755859375,545.0,554.3250122070312,12959884
2019-09-19,512.9597778320312,550.5250244140625,553.5250244140625,542.0,549.9500122070312,10623310
2019-09-20,558.8724975585938,599.7999877929688,604.9500122070312,552.7000122070312,554.0,46150034
2019-09-23,585.7305908203125,628.625,641.3499755859375,614.5,629.7750244140625,41920410
2019-09-24,584.123291015625,626.9000244140625,630.9749755859375,613.7750244140625,625.0,23379048
2019-09-25,577.554443359375,619.8499755859375,624.9500122070312,615.0499877929688,624.9500122070312,15608976
2019-09-26,578.85888671875,621.25,637.5,618.1749877929688,619.9000244140625,30671560
2019-09-27,579.65087890625,622.0999755859375,626.75,618.7999877929688,624.125,14873170
2019-09-30,571.8472900390625,613.7249755859375,620.0,608.25,614.4000244140625,18218458
2019-10-01,581.7938842773438,624.4000244140625,627.5,610.5499877929688,615.75,18768352
2019-10-03,570.0304565429688,611.7750244140625,621.9000244140625,608.1749877929688,619.9749755859375,16298876
2019-10-04,554.26025390625,594.8499755859375,619.7999877929688,592.6500244140625,618.3250122070312,18403632
2019-10-07,552.955810546875,593.4500122070312,609.9249877929688,590.5750122070312,600.5999755859375,22513220
2019-10-09,572.1734619140625,614.0750122070312,614.9500122070312,595.0,598.5499877929688,17427270
2019-10-10,559.315185546875,600.2750244140625,612.9749755859375,598.5999755859375,610.9000244140625,11556858
2019-10-11,558.499755859375,599.4000244140625,612.0,594.4749755859375,606.7000122070312,17186318
2019-10-14,561.1087646484375,602.2000122070312,609.9500122070312,598.7000122070312,604.5,12267802
2019-10-15,569.7974243164062,611.5250244140625,612.5,603.4249877929688,603.5,8400374
2019-10-16,568.8889770507812,610.5499877929688,617.5,605.0499877929688,615.8250122070312,10586816
2019-10-17,568.3765258789062,610.0,614.9249877929688,606.5499877929688,613.75,12243614
2019-10-18,572.5694580078125,614.5,616.9249877929688,610.1749877929688,612.7249755859375,11233806
2019-10-22,577.3680419921875,619.6500244140625,628.5,616.2999877929688,628.5,20006228
2019-10-23,578.4395751953125,620.7999877929688,624.875,616.5,623.4249877929688,10190214
2019-10-24,575.8772583007812,618.0499877929688,627.0750122070312,613.1749877929688,624.0,13107494
2019-10-25,572.5694580078125,614.5,623.4249877929688,610.0,620.0,12993542
2019-10-27,576.6226196289062,618.8499755859375,620.9500122070312,617.5,619.9749755859375,1750082
2019-10-29,578.85888671875,621.25,628.6749877929688,618.8499755859375,619.0,14232568
2019-10-30,581.5842895507812,624.1749877929688,631.3499755859375,621.5,623.4500122070312,12011366
2019-10-31,573.1983032226562,615.1749877929688,631.9500122070312,613.5499877929688,628.8499755859375,13217706
2019-11-01,577.717529296875,620.0250244140625,621.875,613.7999877929688,619.5,11512260
2019-11-04,576.2266235351562,618.4249877929688,625.0,614.5250244140625,623.2249755859375,9935176
2019-11-05,577.4611206054688,619.75,622.4000244140625,614.5250244140625,620.5,12367810
2019-11-06,585.4511108398438,628.3250122070312,629.5,614.0250244140625,621.2249755859375,12130336
2019-11-07,588.7355346679688,631.8499755859375,634.8499755859375,625.0,630.5,16963034
2019-11-08,584.9619750976562,627.7999877929688,633.5,625.7249755859375,629.5,13251496
2019-11-11,589.2247314453125,632.375,634.25,625.25,626.2750244140625,14286610
2019-11-13,585.8704223632812,628.7750244140625,635.0,626.7999877929688,630.9749755859375,9293496
2019-11-14,593.4874877929688,636.9500122070312,638.5,628.5999755859375,631.9000244140625,11055218
2019-11-15,595.35107421875,638.9500122070312,642.5,635.5499877929688,641.9249877929688,9279012
2019-11-18,587.966796875,631.0250244140625,639.7249755859375,629.3499755859375,638.5,9130292
2019-11-19,592.5557861328125,635.9500122070312,637.5,630.5499877929688,632.6500244140625,10570578
2019-11-20,593.2313232421875,636.6749877929688,641.4749755859375,633.5,636.5,11054258
2019-11-21,597.89013671875,641.6749877929688,643.5,634.1749877929688,635.125,12019526
2019-11-22,589.2247314453125,632.375,641.8250122070312,631.0,641.8250122070312,7688010
2019-11-25,592.1831665039062,635.5499877929688,639.75,632.0750122070312,632.0750122070312,7893556
2019-11-26,594.0233764648438,637.5250244140625,639.875,633.4749755859375,639.2249755859375,8716002
2019-11-27,595.583984375,639.2000122070312,642.875,635.5999755859375,638.0,9580666
2019-11-28,589.48095703125,632.6500244140625,641.5250244140625,631.0,640.0999755859375,12366040
2019-11-29,593.976806640625,637.4749755859375,639.9500122070312,626.0,633.8499755859375,15567626
2019-12-02,589.6905517578125,632.875,636.9749755859375,629.2999877929688,636.9749755859375,8946204
2019-12-03,584.8687744140625,627.7000122070312,634.5,626.9000244140625,634.0999755859375,6991906
2019-12-04,583.1216430664062,625.8250122070312,628.4500122070312,617.0999755859375,626.25,11395614
2019-12-05,580.302978515625,622.7999877929688,629.375,620.375,627.7999877929688,12772494
2019-12-06,580.5127563476562,623.0250244140625,630.0,619.0999755859375,624.4749755859375,13774650
2019-12-09,579.068603515625,621.4749755859375,624.9249877929688,618.7750244140625,624.75,8265350
2019-12-10,582.1199951171875,624.75,626.8250122070312,622.5499877929688,625.5,9788900
2019-12-11,581.7706298828125,624.375,627.0,621.25,625.0499877929688,11054642
2019-12-12,588.6890258789062,631.7999877929688,634.7249755859375,626.5,626.5,12913148
2019-12-13,588.8054809570312,631.9249877929688,636.1749877929688,629.625,632.5,11775186
2019-12-16,585.7772216796875,628.6749877929688,635.0,624.0999755859375,634.625,11327576
2019-12-17,592.1831665039062,635.5499877929688,637.4000244140625,627.6749877929688,630.0,12427354
2019-12-18,602.0830688476562,646.1749877929688,649.5,636.8250122070312,641.5,17447172
2019-12-19,600.4292602539062,644.4000244140625,652.75,643.0499877929688,652.5,13018376
2019-12-20,604.109619140625,648.3499755859375,649.7999877929688,640.0250244140625,644.375,15026044
2019-12-23,606.7651977539062,651.2000122070312,652.0,644.4000244140625,649.5,10195782
2019-12-24,600.59228515625,644.5750122070312,650.5499877929688,643.4749755859375,649.2999877929688,7179208
2019-12-26,591.8802490234375,635.2249755859375,645.9249877929688,632.3250122070312,644.8499755859375,14949758
2019-12-27,594.0000610351562,637.5,639.5,635.0,636.0,7092992
2019-12-30,597.3310546875,641.0750122070312,644.375,637.0250244140625,641.0,9334190
2019-12-31,592.6489868164062,636.0499877929688,640.9749755859375,634.3250122070312,640.9749755859375,8357056
2020-01-01,595.6771240234375,639.2999877929688,640.0,635.2999877929688,638.0499877929688,3673698
2020-01-02,599.4741821289062,643.375,644.0,639.5,639.5,6137166
2020-01-03,590.9252319335938,634.2000122070312,642.5,631.7999877929688,641.0999755859375,10855550
2020-01-06,578.13671875,620.4749755859375,630.9000244140625,618.0,630.0,10890186
2020-01-07,587.2913208007812,630.2999877929688,635.7249755859375,626.125,629.4500122070312,14724494
2020-01-08,585.7539672851562,628.6500244140625,631.0750122070312,620.0250244140625,623.4749755859375,11332110
2020-01-09,592.3228759765625,635.7000122070312,637.9000244140625,631.5499877929688,632.5,9546316
2020-01-10,597.5872192382812,641.3499755859375,643.4500122070312,637.5499877929688,642.0499877929688,9214580
2020-01-13,599.124755859375,643.0,648.25,638.0,641.3499755859375,7451568
2020-01-14,600.7553100585938,644.75,646.2750244140625,638.75,644.5,7886290
2020-01-15,598.3094482421875,642.125,643.9749755859375,637.0499877929688,643.2000122070312,11787448
2020-01-16,599.8934936523438,643.8250122070312,645.5,639.6749877929688,641.0250244140625,7150400
2020-01-17,595.4675903320312,639.0750122070312,642.4500122070312,635.9500122070312,640.875,16918814
2020-01-20,584.6357421875,627.4500122070312,652.4249877929688,626.25,652.4249877929688,22178450
2020-01-21,579.7208251953125,622.1749877929688,625.0,619.2000122070312,625.0,14984804
2020-01-22,578.0901489257812,620.4249877929688,627.5,617.2000122070312,624.0250244140625,18368310
2020-01-23,579.9536743164062,622.4249877929688,623.4249877929688,615.5,620.0,11508920
2020-01-24,579.8140258789062,622.2750244140625,627.0,619.5499877929688,623.0,11831756
2020-01-27,565.2085571289062,606.5999755859375,617.5,605.875,617.5,18888552
2020-01-28,569.8672485351562,611.5999755859375,613.9000244140625,606.625,609.4000244140625,13412158
2020-01-29,575.7607421875,617.9249877929688,621.0,611.125,612.6500244140625,13788350
2020-01-30,571.1951293945312,613.0250244140625,619.4749755859375,608.5999755859375,619.4749755859375,12111984
2020-01-31,571.3115844726562,613.1500244140625,618.9000244140625,610.125,615.7249755859375,11178268
2020-02-03,555.7044677734375,596.4000244140625,598.9749755859375,588.8499755859375,598.5,13077010
2020-02-04,572.9421997070312,614.9000244140625,617.0,599.0,599.0,20897704
2020-02-05,579.8604736328125,622.3250122070312,624.0,613.6500244140625,617.4500122070312,18020682
2020-02-06,577.6009521484375,619.9000244140625,624.3499755859375,618.5999755859375,622.3250122070312,11827550
2020-02-07,578.7190551757812,621.0999755859375,623.5,615.7999877929688,623.0,6815448
2020-02-10,577.833984375,620.1500244140625,621.4749755859375,613.0250244140625,621.4749755859375,9219834
2020-02-11,577.9736938476562,620.2999877929688,627.5,619.0250244140625,621.6500244140625,11613520
2020-02-12,581.8870849609375,624.5,626.4500122070312,622.0250244140625,622.5999755859375,6297930
2020-02-13,578.3463745117188,620.7000122070312,629.9500122070312,616.7999877929688,629.9500122070312,9112140
2020-02-14,568.0736694335938,609.6749877929688,624.2000122070312,607.5,621.5999755859375,14688858
2020-02-17,567.048828125,608.5750122070312,616.5,607.2249755859375,612.5,10152690
2020-02-18,565.2318115234375,606.625,609.25,601.75,608.4500122070312,10529116
2020-02-19,571.7307739257812,613.5999755859375,615.0,606.9500122070312,611.25,10012268
2020-02-20,567.0254516601562,608.5499877929688,615.0,607.0499877929688,615.0,11123414
2020-02-24,563.6943969726562,604.9749755859375,607.375,600.0,604.4749755859375,16568084
2020-02-25,559.1986083984375,600.1500244140625,604.5,599.0,602.0,13886680
2020-02-26,558.70947265625,599.625,602.3499755859375,592.8250122070312,598.75,13814786
2020-02-27,558.8025512695312,599.7249755859375,601.25,590.5,597.5,20655098
2020-02-28,548.646484375,588.8250122070312,592.5,585.0499877929688,587.75,24313056
2020-03-02,549.5548095703125,589.7999877929688,600.5750122070312,583.0750122070312,600.0999755859375,14664898
2020-03-03,550.579833984375,590.9000244140625,592.6749877929688,584.0,587.5,22369550
2020-03-04,535.2288818359375,574.4249877929688,590.0,566.5499877929688,589.1749877929688,34288870
2020-03-05,536.3936767578125,575.6749877929688,582.5,571.375,576.5,19549708
2020-03-06,528.72998046875,567.4500122070312,570.4500122070312,550.5,562.5,23053566
2020-03-09,515.8716430664062,553.6500244140625,559.2000122070312,532.5,555.0,34420590
2020-03-11,518.8997802734375,556.9000244140625,560.0,546.0,552.5,35538240
2020-03-12,475.8056640625,510.6499938964844,540.0,501.7250061035156,537.5,59000770
2020-03-13,498.4009704589844,534.9000244140625,540.7249755859375,459.6000061035156,490.0249938964844,66342364
2020-03-16,465.64947509765625,499.75,518.5,497.5,517.5,31986322
2020-03-17,454.2818908691406,487.54998779296875,505.0,477.3500061035156,504.0,42676838
2020-03-18,408.5322570800781,438.45001220703125,496.5,432.5,492.5,61181406
2020-03-19,417.220947265625,447.7749938964844,459.9750061035156,397.5,423.5,67220048
2020-03-20,411.30426025390625,441.42498779296875,457.29998779296875,412.2749938964844,437.5,88637464
2020-03-23,359.4515686035156,385.7749938964844,419.375,382.5,397.29998779296875,50276954
2020-03-24,357.65789794921875,383.8500061035156,405.0,369.375,397.625,61057272
2020-03-25,399.1446838378906,428.375,433.7250061035156,377.625,385.2250061035156,47228042
2020-03-26,419.806640625,450.54998779296875,468.8500061035156,420.5,435.04998779296875,57043156
2020-03-27,421.3673095703125,452.2250061035156,494.32501220703125,436.04998779296875,472.4750061035156,55235936
2020-03-30,387.4510803222656,415.82501220703125,443.5,414.0,440.0,39268444
2020-03-31,401.5440673828125,430.95001220703125,436.79998779296875,419.0,426.8999938964844,35211092
2020-04-01,386.5193176269531,414.82501220703125,431.92498779296875,410.0,431.92498779296875,29103504
2020-04-03,379.1583557128906,406.92498779296875,422.0,405.0,421.5,34996280
2020-04-07,417.4771728515625,448.04998779296875,453.6499938964844,422.67498779296875,437.0,60412638
2020-04-08,414.1228942871094,444.45001220703125,472.5,433.04998779296875,439.9750061035156,56219352
2020-04-09,430.96453857421875,462.5249938964844,465.45001220703125,445.0,456.5,44457146
2020-04-13,417.1278076171875,447.67498779296875,473.3500061035156,443.1000061035156,467.0,34158056
2020-04-15,402.19622802734375,431.6499938964844,465.25,421.5,465.25,57978752
2020-04-16,409.8600158691406,439.875,445.3500061035156,428.125,432.5,53854396
2020-04-17,424.09271240234375,455.1499938964844,460.0,443.625,457.5,55883462
2020-04-20,440.18896484375,472.42498779296875,480.4750061035156,467.5,475.5,66232986
2020-04-21,429.3804931640625,460.82501220703125,467.0,454.0,462.5,33178006
2020-04-22,432.6183776855469,464.29998779296875,466.5,453.6499938964844,459.57501220703125,38289354
2020-04-23,444.8944091796875,477.4750061035156,479.25,456.2749938964844,467.5,40901222
2020-04-24,437.02099609375,469.0249938964844,479.20001220703125,463.0,466.5,33284568
2020-04-27,433.1308288574219,464.8500061035156,478.70001220703125,463.1499938964844,472.57501220703125,27421072
2020-04-28,433.9228515625,465.70001220703125,471.8999938964844,461.0,471.8999938964844,29441436
2020-04-29,455.2136535644531,488.54998779296875,496.3500061035156,467.04998779296875,467.5,55877778
2020-04-30,466.7209167480469,500.8999938964844,509.5,496.04998779296875,500.70001220703125,43793134
2020-05-04,430.0094299316406,461.5,480.0,458.75,478.75,26722324
2020-05-05,424.62847900390625,455.7250061035156,472.0,454.0249938964844,469.0,29672858
2020-05-06,440.9111022949219,473.20001220703125,475.0,452.82501220703125,459.5,33785846
2020-05-07,430.9411926269531,462.5,471.6499938964844,460.67498779296875,470.25,21831730
2020-05-08,432.8280334472656,464.5249938964844,471.9750061035156,462.6000061035156,471.0,20807484
2020-05-11,426.65509033203125,457.8999938964844,477.0,457.0,468.5,28550784
2020-05-12,420.0162658691406,450.7749938964844,454.70001220703125,435.54998779296875,450.5,49568418
2020-05-13,432.17578125,463.82501220703125,480.0,461.04998779296875,475.5,44346966
2020-05-14,416.35906982421875,446.8500061035156,455.5,445.0,449.0,39554890
2020-05-15,413.7734680175781,444.07501220703125,446.20001220703125,437.5,445.25,24349628
2020-05-18,389.780517578125,418.32501220703125,444.0,415.6499938964844,444.0,46649964
2020-05-19,386.9851989746094,415.32501220703125,433.6499938964844,413.04998779296875,430.42498779296875,47460692
2020-05-20,399.3077697753906,428.54998779296875,432.0,416.1000061035156,418.2250061035156,40014306
2020-05-21,400.4491882324219,429.7749938964844,442.0,426.1499938964844,430.7250061035156,48478908
2020-05-22,390.805419921875,419.42498779296875,435.1499938964844,416.5249938964844,425.0,42047432
2020-05-26,397.1181640625,426.20001220703125,435.875,424.375,428.5,38005152
2020-05-27,420.99462890625,451.82501220703125,454.8999938964844,428.57501220703125,429.95001220703125,56025754
2020-05-28,440.37530517578125,472.625,475.0,456.9750061035156,460.0,75488806
2020-05-29,443.3569641113281,475.82501220703125,477.5,461.7250061035156,472.0,53025166
2020-06-01,460.1287841796875,493.82501220703125,497.5,483.04998779296875,487.5,39190230
2020-06-02,466.3482666015625,500.5,502.5,487.6000061035156,493.3500061035156,41623594
2020-06-03,476.24822998046875,511.125,523.125,507.7250061035156,510.0,50546088
2020-06-04,466.6743469238281,500.8500061035156,519.4749755859375,495.54998779296875,514.0250244140625,54275882
2020-06-05,481.4195556640625,516.6749877929688,521.2000122070312,501.3999938964844,501.54998779296875,35195984
2020-06-08,473.2899169921875,507.95001220703125,533.3250122070312,503.20001220703125,530.0,49812664
2020-06-09,459.9656982421875,493.6499938964844,513.375,489.7749938964844,510.0,61844146
2020-06-10,462.0854187011719,495.92498779296875,499.92498779296875,489.1000061035156,495.0,36497730
2020-06-11,451.253662109375,484.29998779296875,494.20001220703125,482.5,492.5,30897714
2020-06-12,457.845947265625,491.375,493.32501220703125,464.0,464.0,42644876
2020-06-15,442.51837158203125,474.92498779296875,487.0,471.5,484.0,32009936
2020-06-16,461.4099426269531,495.20001220703125,496.9750061035156,476.0,487.5,45399970
2020-06-17,456.2153625488281,489.625,499.45001220703125,486.625,494.5,36957838
2020-06-18,475.1767578125,509.9750061035156,512.4500122070312,486.0,490.0,40870126
2020-06-19,481.4195556640625,516.6749877929688,521.5,506.07501220703125,508.9750061035156,47877752
2020-06-22,479.2765197753906,514.375,522.9749755859375,511.8999938964844,519.7249755859375,29694474
2020-06-23,485.5892333984375,521.1500244140625,522.5,508.2749938964844,519.5,28830512
2020-06-24,481.0235290527344,516.25,528.75,515.0250244140625,524.25,39429246
2020-06-25,479.2765197753906,514.375,524.5,503.5,510.95001220703125,70646790
2020-06-26,492.181396484375,528.2249755859375,531.5,514.0,520.5,39969138
2020-06-29,501.312744140625,538.0250244140625,541.2999877929688,518.5,518.5,46005956
2020-06-30,496.5606994628906,532.9249877929688,539.2750244140625,528.1500244140625,537.0,35746130
2020-07-01,505.2960205078125,542.2999877929688,548.0,530.6500244140625,532.9249877929688,34846718
2020-07-02,507.53228759765625,544.7000122070312,555.625,542.5999755859375,545.1500244140625,36954496
2020-07-03,500.33441162109375,536.9749755859375,547.9000244140625,535.0,546.5,27597254
2020-07-06,513.8683471679688,551.5,559.9500122070312,550.0,553.9749755859375,35558216
2020-07-07,514.869873046875,552.5750122070312,555.8499755859375,546.5250244140625,554.7000122070312,24349850
2020-07-08,517.29248046875,555.1749877929688,562.4500122070312,552.5,553.5,30056350
2020-07-09,524.0943603515625,562.4749755859375,564.8499755859375,553.625,559.0,20114484
2020-07-10,514.8466186523438,552.5499877929688,560.0,549.7750244140625,558.9500122070312,17562978
2020-07-13,503.2694396972656,540.125,556.5,535.6500244140625,554.9500122070312,29922114
2020-07-14,493.2995910644531,529.4249877929688,534.4500122070312,525.0,531.2999877929688,26612674
2020-07-15,490.64404296875,526.5750122070312,539.5,525.0499877929688,535.0999755859375,20974394
2020-07-16,495.0232849121094,531.2750244140625,532.75,517.0499877929688,526.8250122070312,23662456
2020-07-17,511.7485046386719,549.2249755859375,552.0,529.1500244140625,529.5250244140625,28405738
2020-07-20,527.8680419921875,566.5250244140625,576.4500122070312,562.0750122070312,567.5,65124096
2020-07-21,530.4304809570312,569.2750244140625,578.9749755859375,567.0,576.0250244140625,47512422
2020-07-22,524.7466430664062,563.1749877929688,572.25,558.7750244140625,569.25,24718012
2020-07-23,526.633544921875,565.2000122070312,571.9500122070312,558.125,562.5,20149122
2020-07-24,521.3688354492188,559.5499877929688,561.4500122070312,550.625,561.4500122070312,19598440
2020-07-27,502.9200439453125,539.75,551.5,537.6749877929688,549.9249877929688,37970094
2020-07-28,506.25115966796875,543.3250122070312,547.2000122070312,529.75,539.5,35596450
2020-07-29,495.9783935546875,532.2999877929688,544.25,527.7750244140625,540.5,33592086
2020-07-30,489.4793701171875,525.3250122070312,541.8250122070312,523.3499755859375,537.0,26956266
2020-07-31,481.16339111328125,516.4000244140625,528.8499755859375,510.0249938964844,528.8499755859375,37726696
2020-08-03,466.8141174316406,501.0,513.4749755859375,496.5,512.9749755859375,31783542
2020-08-04,485.2864074707031,520.8250122070312,530.5250244140625,501.5,504.0,60306168
2020-08-05,478.7174072265625,513.7750244140625,527.9000244140625,510.0,523.9749755859375,33221360
2020-08-06,484.84375,520.3499755859375,527.5,513.125,518.5,33646888
2020-08-07,486.3113708496094,521.9249877929688,523.5999755859375,510.29998779296875,517.4249877929688,24836784
2020-08-10,489.4793701171875,525.3250122070312,532.0,521.9000244140625,522.0,22172854
2020-08-11,496.93341064453125,533.3250122070312,535.5,524.25,524.25,20136148
2020-08-12,495.55914306640625,531.8499755859375,533.0,524.0,532.5,20666432
2020-08-13,493.3927917480469,529.5250244140625,535.6749877929688,528.25,533.9749755859375,19892740
2020-08-14,481.9320068359375,517.2249755859375,532.9500122070312,513.6500244140625,532.9500122070312,20924512
2020-08-17,481.1400451660156,516.375,523.5,510.1000061035156,523.5,19561012
2020-08-18,492.2048034667969,528.25,530.8250122070312,511.0,514.0,24040824
2020-08-19,496.91015625,533.2999877929688,534.9000244140625,528.125,532.5,17715624
2020-08-20,493.36944580078125,529.5,534.4749755859375,526.0,527.4749755859375,19216734
2020-08-21,505.78515625,542.8250122070312,544.4000244140625,532.2999877929688,532.7000122070312,28924302
2020-08-24,520.4138793945312,558.5250244140625,561.4749755859375,542.8250122070312,543.0,36779740
2020-08-25,521.6484985351562,559.8499755859375,563.5,553.0999755859375,559.5,27601738
2020-08-26,521.066162109375,559.2249755859375,565.875,554.75,560.5,25190062
2020-08-27,518.1077880859375,556.0499877929688,564.9500122070312,553.125,562.9000244140625,20645996
2020-08-28,519.2259521484375,557.25,562.5,547.5,555.9749755859375,38696610
2020-08-31,519.8548583984375,557.9249877929688,574.4000244140625,550.3499755859375,564.75,38501166
2020-09-01,525.189208984375,563.6500244140625,571.7999877929688,554.0,564.0,28877884
2020-09-02,528.3804931640625,567.0750122070312,569.5,560.3499755859375,562.0499877929688,19761682
2020-09-03,526.8663940429688,565.4500122070312,572.9749755859375,564.0,568.625,19833362
2020-09-04,521.4622192382812,559.6500244140625,562.7000122070312,552.2000122070312,555.0,23661370
2020-09-07,517.3623657226562,555.25,559.75,549.5,558.1500244140625,17615466
2020-09-08,518.2708740234375,556.2249755859375,559.4000244140625,551.5,557.0,14624918
2020-09-09,510.8399963378906,548.25,555.0,545.625,550.5,15728872
2020-09-10,508.0680847167969,545.2750244140625,552.4249877929688,542.0,551.5,15188088
2020-09-11,502.5240478515625,539.3250122070312,552.4249877929688,535.5,548.2249755859375,20794730
2020-09-14,492.8802185058594,528.9749755859375,547.0,526.1749877929688,544.0,21650590
2020-09-15,498.72705078125,535.25,538.0750122070312,529.0499877929688,534.0,16505110
2020-09-16,509.5123291015625,546.8250122070312,548.0,534.1749877929688,535.0999755859375,18710112
2020-09-17,504.8302001953125,541.7999877929688,547.0,539.0,542.0,18318686
2020-09-18,492.57745361328125,528.6500244140625,546.0999755859375,523.5999755859375,546.0,23481778
2020-09-21,488.8503723144531,524.6500244140625,535.6749877929688,520.75,527.5,19842878
2020-09-22,482.3746032714844,517.7000122070312,529.0750122070312,514.75,527.0250244140625,18620678
2020-09-23,487.8952941894531,523.625,527.5,517.1749877929688,523.0,16079828
2020-09-24,480.0452575683594,515.2000122070312,523.5,512.5,519.0,19809510
2020-09-25,486.3811950683594,522.0,525.9749755859375,512.8250122070312,525.0,20321544
2020-09-28,491.1331787109375,527.0999755859375,529.5,521.3250122070312,524.4749755859375,16152422
2020-09-29,495.0232849121094,531.2750244140625,534.9500122070312,525.5,529.0,12644446
2020-09-30,502.5008239746094,539.2999877929688,543.4500122070312,526.0,530.0,18813842
2020-10-01,515.70849609375,553.4749755859375,555.0,545.0499877929688,545.0499877929688,21203080
2020-10-05,519.1561279296875,557.1749877929688,566.0,555.5,556.0,16940126
2020-10-06,533.0159912109375,572.0499877929688,574.0,563.0999755859375,567.5250244140625,19371990
2020-10-07,541.4718017578125,581.125,582.4249877929688,568.7999877929688,572.4500122070312,21248778
2020-10-08,555.2386474609375,595.9000244140625,601.5,581.6749877929688,590.0,35060674
2020-10-09,574.689208984375,616.7750244140625,618.5,595.8250122070312,600.5,44972388
2020-10-12,565.4181518554688,606.8250122070312,621.375,602.7999877929688,615.7750244140625,19220546
2020-10-13,558.3367309570312,599.2249755859375,611.2249755859375,597.5,606.7000122070312,18353952
2020-10-14,564.4164428710938,605.75,607.1500244140625,587.75,597.7750244140625,22582918
2020-10-15,544.7330932617188,584.625,608.5,582.0,607.0999755859375,28246896
2020-10-16,558.7560424804688,599.6749877929688,601.75,586.5,590.0,25822848
2020-10-19,560.7127685546875,601.7750244140625,617.5,596.2999877929688,617.5,42359556
2020-10-20,570.2166748046875,611.9749755859375,613.7000122070312,602.9500122070312,603.75,27411978
2020-10-21,580.8154296875,623.3499755859375,625.5,610.8499755859375,615.2999877929688,35640752
2020-10-22,574.57275390625,616.6500244140625,625.0,611.5,619.9749755859375,21913060
2020-10-23,575.737548828125,617.9000244140625,624.2249755859375,615.5999755859375,621.75,15866230
2020-10-26,564.136962890625,605.4500122070312,621.0,602.2999877929688,614.9000244140625,19571976
2020-10-27,574.4795532226562,616.5499877929688,618.0,598.9249877929688,613.0,24317780
2020-10-28,563.5313720703125,604.7999877929688,616.0,600.75,614.0,16571186
2020-10-29,553.0955200195312,593.5999755859375,602.2249755859375,589.25,600.2999877929688,23060024
2020-10-30,551.3951416015625,591.7750244140625,599.6500244140625,588.1749877929688,591.2750244140625,11522716
2020-11-02,566.1635131835938,607.625,612.5,588.75,597.1749877929688,21926080
2020-11-03,581.39794921875,623.9749755859375,625.375,612.75,613.2249755859375,28164230
2020-11-04,585.8004760742188,628.7000122070312,632.4000244140625,615.0,626.0,23404822
2020-11-05,591.2979125976562,634.5999755859375,638.0,626.1749877929688,633.0,21433928
2020-11-06,609.2111206054688,653.8250122070312,655.0,632.75,633.125,35705724
2020-11-09,624.53857421875,670.2750244140625,672.9749755859375,657.5999755859375,657.5999755859375,26288440
2020-11-10,649.2770385742188,696.8250122070312,697.5,675.7750244140625,678.5,41517356
2020-11-11,647.55322265625,694.9749755859375,707.4000244140625,685.25,699.9500122070312,36116194
2020-11-12,639.05078125,685.8499755859375,694.2750244140625,680.0,688.7000122070312,27053948
2020-11-13,633.041015625,679.4000244140625,684.4000244140625,673.5,684.4000244140625,22472480
2020-11-14,638.1190795898438,684.8499755859375,687.4749755859375,682.5999755859375,683.9000244140625,1835066
2020-11-17,656.1719360351562,704.2249755859375,706.2999877929688,690.2999877929688,692.9000244140625,31059900
2020-11-18,656.2885131835938,704.3499755859375,709.5,699.5250244140625,701.5,18862776
2020-11-19,640.2854614257812,687.1749877929688,699.7249755859375,684.0,694.8499755859375,20266882
2020-11-20,653.935791015625,701.8250122070312,704.2000122070312,682.5250244140625,686.3250122070312,20405362
2020-11-23,649.7196044921875,697.2999877929688,711.8250122070312,687.6749877929688,707.5,25246636
2020-11-24,670.0320434570312,719.0999755859375,722.5,701.0250244140625,704.0,40154400
2020-11-25,653.5398559570312,701.4000244140625,732.2000122070312,698.5,725.6500244140625,24152602
2020-11-26,664.651123046875,713.3250122070312,716.0,693.5,707.5,27943126
2020-11-27,671.2666625976562,720.4249877929688,723.0,707.7750244140625,715.9000244140625,17994580
2020-12-01,667.7492065429688,716.6500244140625,724.5,712.75,720.4249877929688,17147574
2020-12-02,655.47314453125,703.4749755859375,715.9000244140625,697.4000244140625,715.5,17892150
2020-12-03,641.6131591796875,688.5999755859375,716.0,687.0250244140625,714.5,37933222
2020-12-04,645.5266723632812,692.7999877929688,700.7249755859375,686.6500244140625,690.5,26912322
2020-12-07,639.3070068359375,686.125,689.9749755859375,679.0499877929688,687.5,24316318
2020-12-08,641.1939086914062,688.1500244140625,694.4000244140625,682.5750122070312,687.5,19457896
2020-12-09,655.5896606445312,703.5999755859375,705.0250244140625,687.5250244140625,688.5,22069074
2020-12-10,645.6431274414062,692.9249877929688,701.0,687.875,699.0,19727966
2020-12-11,644.2221069335938,691.4000244140625,697.5,686.5,695.0250244140625,21356384
2020-12-14,639.2605590820312,686.0750122070312,694.0,684.0,691.5,17222050
2020-12-15,648.1821899414062,695.6500244140625,697.4749755859375,683.0,690.4000244140625,21561436
2020-12-16,657.2202758789062,705.3499755859375,708.4000244140625,697.25,702.0,16832092
2020-12-17,671.7092895507812,720.9000244140625,722.5,702.25,709.2999877929688,21924478
2020-12-18,657.5230712890625,705.6749877929688,719.8499755859375,703.1500244140625,717.5,22995918
2020-12-21,639.4935302734375,686.3250122070312,711.9249877929688,683.3499755859375,708.75,23761824
2020-12-22,639.7030639648438,686.5499877929688,692.4000244140625,672.5,692.4000244140625,22851558
2020-12-23,640.8910522460938,687.8250122070312,690.4749755859375,680.5250244140625,683.75,15467394
2020-12-24,650.88427734375,698.5499877929688,702.0,688.5,694.7000122070312,14952188
2020-12-28,658.2219848632812,706.4249877929688,710.5,702.0,702.5,11699194
2020-12-29,664.9073486328125,713.5999755859375,717.375,710.0,710.5250244140625,14495346
2020-12-30,667.3765869140625,716.25,719.9500122070312,706.5,719.9500122070312,16216726
2020-12-31,669.1469116210938,718.1500244140625,722.0,712.5250244140625,717.5,22145750
2021-01-01,663.9057006835938,712.5250244140625,721.5,710.2999877929688,720.0,8810938
2021-01-04,659.689453125,708.0,719.0,699.5,719.0,15740192
2021-01-05,664.6743774414062,713.3499755859375,715.375,704.5,709.5999755859375,14386824
2021-01-06,661.8092651367188,710.2750244140625,720.0,706.5499877929688,717.5,22134050
2021-01-07,659.805908203125,708.125,716.2999877929688,706.2750244140625,716.25,19894842
2021-01-08,666.98046875,715.8250122070312,721.0,711.5499877929688,716.0,13768764
2021-01-11,676.2048950195312,725.7249755859375,732.4500122070312,718.1500244140625,725.0,17331392
2021-01-12,689.9718627929688,740.5,743.8499755859375,724.5499877929688,726.2249755859375,20388156
2021-01-13,685.1499633789062,735.3250122070312,748.4500122070312,731.0499877929688,746.4500122070312,16934650
2021-01-14,684.2647094726562,734.375,744.0,728.0,735.5750122070312,12297166
2021-01-15,683.286376953125,733.3250122070312,735.8250122070312,722.5,734.5499877929688,14165236
2021-01-18,690.9500732421875,741.5499877929688,751.4249877929688,733.5,734.9500122070312,42825632
2021-01-19,700.6172485351562,751.9249877929688,755.8250122070312,733.5,745.9000244140625,17360254
2021-01-20,695.0966186523438,746.0,750.5,743.0,750.5,13346052
2021-01-21,687.0833740234375,737.4000244140625,747.1749877929688,734.0750122070312,746.0,26333054
2021-01-22,672.5244750976562,721.7750244140625,733.9500122070312,720.0750122070312,733.9500122070312,15392364
2021-01-25,681.5159912109375,731.4249877929688,740.5,727.5750122070312,732.5499877929688,20344718
2021-01-27,656.7078247070312,704.7999877929688,735.9500122070312,703.0750122070312,734.0,23556276
2021-01-28,638.9344482421875,685.7249755859375,700.6500244140625,671.0,694.9500122070312,42704446
2021-01-29,647.8094482421875,695.25,704.375,682.25,695.6749877929688,28704502
2021-02-01,687.9917602539062,738.375,741.25,700.5,705.125,26370544
2021-02-02,727.0327758789062,780.2750244140625,789.25,748.7000122070312,750.5,42420206
2021-02-03,733.671630859375,787.4000244140625,790.8499755859375,771.0,789.5,20237254
2021-02-04,735.6748657226562,789.5499877929688,794.0,771.7249755859375,783.0,24484684
2021-02-05,744.2937622070312,798.7999877929688,809.125,774.0,774.0,27054716
2021-02-08,747.8577880859375,802.625,815.8250122070312,797.8499755859375,810.0,17447580
2021-02-09,750.9324951171875,805.9249877929688,814.0,793.3499755859375,805.0,18421366
2021-02-10,736.9094848632812,790.875,807.4249877929688,783.5,804.1749877929688,19788006
2021-02-11,732.5300903320312,786.1749877929688,798.9000244140625,782.0999755859375,791.0,13648618
2021-02-12,737.0025634765625,790.9749755859375,796.25,786.5,786.9500122070312,9910106
2021-02-15,753.1454467773438,808.2999877929688,812.5,798.3499755859375,800.0499877929688,10355244
2021-02-16,757.8275756835938,813.3250122070312,820.5,804.2249755859375,810.5999755859375,13897358
2021-02-17,739.1224365234375,793.25,810.9000244140625,791.5,810.0,12794426
2021-02-18,724.1210327148438,777.1500244140625,802.9749755859375,774.0,802.9749755859375,14720560
2021-02-19,717.0396118164062,769.5499877929688,782.0999755859375,766.5,772.5,17139508
2021-02-22,721.1859130859375,774.0,786.9500122070312,769.7249755859375,772.5250244140625,29451838
2021-02-23,712.404052734375,764.5750122070312,778.8499755859375,761.3250122070312,776.875,18239906
2021-02-24,748.416748046875,803.2249755859375,806.9749755859375,758.125,763.25,14314332
2021-02-25,748.3934326171875,803.2000122070312,818.125,801.0,804.875,20109570
2021-02-26,714.849853515625,767.2000122070312,794.4500122070312,760.5,793.5250244140625,27912846
2021-03-01,726.2640991210938,779.4500122070312,786.2750244140625,770.3499755859375,782.0,13536018
2021-03-02,730.5967407226562,784.0999755859375,793.75,775.5,787.8499755859375,16110038
2021-03-03,739.2854614257812,793.4249877929688,798.0,782.5,792.0,11222410
2021-03-04,723.0728149414062,776.0250244140625,785.5,769.5499877929688,774.2750244140625,16291438
2021-03-05,712.800048828125,765.0,772.7999877929688,760.5499877929688,765.5,17445822
2021-03-08,707.9082641601562,759.75,777.5,756.25,771.0,15117050
2021-03-09,727.9412841796875,781.25,782.8499755859375,769.125,772.5,15066696
2021-03-10,724.7965087890625,777.875,787.5,776.0750122070312,786.0,11055016
2021-03-12,723.0261840820312,775.9749755859375,800.0,767.5250244140625,800.0,15631204
2021-03-15,712.171142578125,764.3250122070312,774.2000122070312,757.6500244140625,774.2000122070312,12230386
2021-03-16,704.4840698242188,756.0750122070312,770.2000122070312,755.0,765.4500122070312,13722366
2021-03-17,696.6571655273438,747.6749877929688,769.5,745.0999755859375,762.125,21064428
2021-03-18,694.6306762695312,745.5,761.0250244140625,740.5750122070312,755.875,18065540
2021-03-19,697.6588745117188,748.75,755.5999755859375,737.0250244140625,742.5,21235020
2021-03-22,684.4510498046875,734.5750122070312,747.4500122070312,730.2000122070312,747.4500122070312,14015632
2021-03-23,698.8934326171875,750.0750122070312,753.7249755859375,734.5499877929688,735.0,19761428
2021-03-24,688.9468383789062,739.4000244140625,753.2249755859375,735.5,745.4500122070312,16368900
2021-03-25,681.7489013671875,731.6749877929688,747.7750244140625,725.125,745.0999755859375,23964356
2021-03-26,694.7704467773438,745.6500244140625,749.5,737.0,747.0,12021258
2021-03-30,723.8414306640625,776.8499755859375,781.2750244140625,750.7750244140625,753.3250122070312,25607644
2021-03-31,695.865234375,746.8250122070312,774.0,744.0,774.0,30774506
2021-04-01,692.650634765625,743.375,749.7000122070312,732.5,749.7000122070312,35763762
2021-04-05,675.3430786132812,724.7999877929688,742.5,715.5,740.0,16006586
2021-04-06,670.987060546875,720.125,731.3250122070312,716.3250122070312,730.0,15075734
2021-04-07,674.2249755859375,723.5999755859375,728.3499755859375,710.7750244140625,719.6500244140625,25088180
2021-04-08,667.5162963867188,716.4000244140625,730.4500122070312,715.25,726.5,17613592
2021-04-09,662.3682250976562,710.875,716.4000244140625,707.5499877929688,713.0,28157816
2021-04-12,636.884521484375,683.5250244140625,699.5,676.5,696.5,22549128
2021-04-13,652.3984375,700.1749877929688,703.2249755859375,680.5,684.0,18600682
2021-04-15,666.2583618164062,715.0499877929688,718.3499755859375,695.5,702.5,34444984
2021-04-16,665.5829467773438,714.3250122070312,722.5,711.75,717.4749755859375,15606526
2021-04-19,658.0122680664062,706.2000122070312,708.8499755859375,686.1500244140625,695.0,24069242
2021-04-20,648.228759765625,695.7000122070312,713.2000122070312,691.9749755859375,712.5,23186270
2021-04-22,662.7175903320312,711.25,713.4000244140625,685.5250244140625,690.0,38485312
2021-04-23,658.8275146484375,707.0750122070312,717.2999877929688,700.0999755859375,704.5,22713528
2021-04-26,654.4716186523438,702.4000244140625,714.5,701.375,706.5,30170952
2021-04-27,670.2649536132812,719.3499755859375,721.0,702.4000244140625,703.625,20592906
2021-04-28,688.01513671875,738.4000244140625,739.5,715.5,718.125,24103940
2021-04-29,686.0118408203125,736.25,751.8250122070312,730.5,743.0999755859375,24078552
2021-04-30,657.9657592773438,706.1500244140625,726.9000244140625,703.75,722.5,35232902
2021-05-03,658.9673461914062,707.2249755859375,710.9500122070312,688.6500244140625,696.5,22473700
2021-05-04,646.8078002929688,694.1749877929688,711.5,691.6500244140625,704.9749755859375,21486328
2021-05-05,653.4466552734375,701.2999877929688,704.7999877929688,690.8499755859375,700.5,14421612
2021-05-06,652.6546630859375,700.4500122070312,705.4000244140625,697.5,703.7999877929688,11477044
2021-05-07,659.1071166992188,707.375,712.4749755859375,705.125,706.4749755859375,12048334
2021-05-10,661.4830932617188,709.9249877929688,715.0,706.4000244140625,713.5,11060050
2021-05-11,653.8892822265625,701.7750244140625,712.0999755859375,697.5250244140625,698.0,14519034
2021-05-12,652.0023803710938,699.75,704.2999877929688,694.4249877929688,699.875,13774926
2021-05-14,646.1090087890625,693.4249877929688,699.4500122070312,691.1749877929688,697.1749877929688,10604142
2021-05-17,670.987060546875,720.125,721.2999877929688,690.6500244140625,697.5750122070312,15120692
2021-05-18,687.9685668945312,738.3499755859375,741.375,727.5,729.4749755859375,22165280
2021-05-19,679.349609375,729.0999755859375,739.4249877929688,726.2750244140625,735.0999755859375,10130916
2021-05-20,667.5162963867188,716.4000244140625,732.9500122070312,714.25,729.1749877929688,10684184
2021-05-21,697.565673828125,748.6500244140625,750.9500122070312,721.5,721.5,19341646
2021-05-24,703.4590454101562,754.9749755859375,760.2249755859375,749.25,751.625,22146102
2021-05-25,689.0167236328125,739.4749755859375,756.875,735.25,755.25,19236974
2021-05-26,688.1316528320312,738.5250244140625,743.5,735.0,740.0,12283990
2021-05-27,690.7406005859375,741.3250122070312,744.5,731.2249755859375,736.5499877929688,20439496
2021-05-28,700.430908203125,751.7249755859375,756.5,739.375,745.4500122070312,17750020
2021-05-31,706.2078247070312,757.9249877929688,759.75,743.75,750.0,15661054
2021-06-01,704.2744140625,755.8499755859375,763.5,753.625,760.1500244140625,11030162
2021-06-02,700.6871337890625,752.0,755.0999755859375,746.5,755.0,10624016
2021-06-03,708.3974609375,760.2750244140625,762.4749755859375,743.875,754.0,10287260
2021-06-04,699.2661743164062,750.4749755859375,760.3250122070312,749.5999755859375,758.0,9424476
2021-06-07,698.753662109375,749.9249877929688,757.0,748.0,755.0,8091668
2021-06-08,690.9268798828125,741.5250244140625,750.6500244140625,740.75,748.2750244140625,9872540
2021-06-09,689.6456909179688,740.1500244140625,751.0,736.0250244140625,741.9500122070312,10223442
2021-06-10,689.9951171875,740.5250244140625,744.5,736.8250122070312,741.0499877929688,11483540
2021-06-11,692.4642333984375,743.1749877929688,748.2750244140625,740.5250244140625,745.5,7205974
2021-06-14,689.249755859375,739.7249755859375,743.0,731.2750244140625,739.125,8881964
2021-06-15,694.2811889648438,745.125,748.0,737.4000244140625,743.0,7569602
2021-06-16,691.64892578125,742.2999877929688,747.0,739.0499877929688,744.0,7702098
2021-06-17,683.0300903320312,733.0499877929688,739.375,730.0,733.0,9283802
2021-06-18,689.4127807617188,739.9000244140625,745.0,727.5,734.75,11938060
2021-06-21,693.55908203125,744.3499755859375,745.9000244140625,729.5,730.6749877929688,7260472
2021-06-22,691.2763061523438,741.9000244140625,754.0,740.0,748.5,14366824
2021-06-23,692.0682983398438,742.75,748.9000244140625,739.2999877929688,745.0,7844868
2021-06-24,701.7352905273438,753.125,756.7249755859375,744.0,745.0,14785024
2021-06-25,705.8585205078125,757.5499877929688,761.0,753.5,755.5499877929688,10383176
2021-06-28,702.7136840820312,754.1749877929688,761.5,752.5,760.0,9356786
2021-06-29,702.8073120117188,751.0250244140625,754.0999755859375,746.0750122070312,753.5,10971692
2021-06-30,700.8655395507812,748.9500122070312,754.5,747.0499877929688,749.0,9679022
2021-07-01,695.6483764648438,743.375,751.0,741.5,751.0,16911442
2021-07-02,692.6773071289062,740.2000122070312,744.625,738.5,742.5,14827036
2021-07-05,699.7191772460938,747.7249755859375,752.25,742.2750244140625,744.9749755859375,7373882
2021-07-06,718.0841674804688,767.3499755859375,770.0,748.0,748.5,17669032
2021-07-07,720.3300170898438,769.75,772.6749877929688,763.8499755859375,767.0,9629190
2021-07-08,711.4165649414062,760.2249755859375,768.8499755859375,756.7249755859375,762.5,8420922
2021-07-09,702.7838745117188,751.0,758.0,748.75,756.2750244140625,10695842
2021-07-12,695.765380859375,743.5,751.0,742.0,751.0,14458978
2021-07-13,702.7136840820312,750.9249877929688,753.0499877929688,742.0499877929688,748.0499877929688,18178142
2021-07-14,701.4503173828125,749.5750122070312,753.6749877929688,745.5499877929688,748.75,9788494
2021-07-15,711.5335693359375,760.3499755859375,763.375,749.8250122070312,752.5,10438802
2021-07-16,712.3056030273438,761.1749877929688,764.9749755859375,759.4000244140625,763.9749755859375,5170628
2021-07-19,688.2791137695312,735.5,744.4249877929688,733.0,743.5,25111600
2021-07-20,675.248046875,721.5750122070312,727.0,718.0750122070312,721.0,24174250
2021-07-22,677.8447875976562,724.3499755859375,734.25,722.5,728.0499877929688,13207114
2021-07-23,675.0609130859375,721.375,728.7249755859375,717.6500244140625,725.75,13126684
2021-07-26,671.2241821289062,717.2750244140625,722.0,714.0499877929688,715.0,13167166
2021-07-27,673.6572265625,719.875,724.9500122070312,718.0499877929688,718.0499877929688,22401430
2021-07-28,663.1528930664062,708.6500244140625,719.3499755859375,702.0,717.5250244140625,20670342
2021-07-29,663.5973510742188,709.125,714.9749755859375,706.6500244140625,714.125,13702230
2021-07-30,667.43408203125,713.2249755859375,715.875,703.9749755859375,709.5,11655488
2021-08-02,665.6561889648438,711.3250122070312,717.5,708.125,717.5,13258786
2021-08-03,671.2943725585938,717.3499755859375,719.9500122070312,705.0,705.0,12033120
2021-08-04,685.6119384765625,732.6500244140625,737.25,720.0,720.5,22053948
2021-08-05,694.7594604492188,742.4249877929688,753.5250244140625,728.7000122070312,733.5499877929688,18822408
2021-08-06,698.4090576171875,746.3250122070312,750.0,737.0,741.7750244140625,13339270
2021-08-09,703.6729125976562,751.9500122070312,753.6749877929688,738.0,746.0,10998048
2021-08-10,705.4275512695312,753.8250122070312,759.875,744.5,744.5,14838346
2021-08-11,699.4851684570312,747.4749755859375,759.4249877929688,745.5250244140625,757.4500122070312,12585786
2021-08-12,702.5031127929688,750.7000122070312,753.7999877929688,744.6500244140625,748.5,8597674
2021-08-13,714.1069946289062,763.0999755859375,765.5,750.5,750.5999755859375,16658428
2021-08-16,716.165771484375,765.2999877929688,767.5,760.7249755859375,763.0750122070312,6252778
2021-08-17,708.7028198242188,757.3250122070312,762.0,752.6500244140625,758.5999755859375,8282666
2021-08-18,707.9307250976562,756.5,782.6749877929688,754.1749877929688,778.3499755859375,22985932
2021-08-20,708.7495727539062,757.375,759.9000244140625,743.0250244140625,743.0250244140625,13150406
2021-08-23,713.3583984375,762.2999877929688,766.5750122070312,754.3250122070312,764.9249877929688,10843054
2021-08-24,729.3839111328125,779.4249877929688,782.25,763.7249755859375,765.0,18381314
2021-08-25,728.7055053710938,778.7000122070312,782.4000244140625,774.0,776.0499877929688,7727974
2021-08-26,727.489013671875,777.4000244140625,785.5,771.7249755859375,775.0,11119002
2021-08-27,724.517822265625,774.2249755859375,779.3250122070312,772.625,776.0,6382138
2021-08-30,733.7821655273438,784.125,785.0,775.7999877929688,777.7999877929688,9049166
2021-08-31,739.9349975585938,790.7000122070312,791.6749877929688,781.0999755859375,781.75,12062576
2021-09-01,738.8588256835938,789.5499877929688,799.0,787.25,787.5,12422558
2021-09-02,743.4911499023438,794.5,796.0,785.625,787.0499877929688,9618524
2021-09-03,737.4318237304688,788.0250244140625,799.0,784.1500244140625,793.0499877929688,10735334
2021-09-06,732.5889892578125,782.8499755859375,790.4749755859375,780.9749755859375,789.9749755859375,7876896
2021-09-07,734.2500610351562,784.625,791.0,777.5999755859375,781.25,7245496
2021-09-08,737.5956420898438,788.2000122070312,790.25,782.7999877929688,785.9749755859375,6724080
2021-09-09,733.9458618164062,784.2999877929688,789.7249755859375,780.5,787.0,8250948
2021-09-13,727.83984375,777.7750244140625,792.0,776.8250122070312,781.0,8959164
2021-09-14,724.5645751953125,774.2750244140625,782.25,773.2999877929688,780.0,9758506
2021-09-15,723.745849609375,773.4000244140625,777.4000244140625,767.5,767.5,14822998
2021-09-16,729.8985595703125,779.9749755859375,782.1500244140625,768.1500244140625,768.875,10260550
2021-09-17,740.2860107421875,791.0750122070312,794.5,779.5999755859375,784.5,20498102
2021-09-20,729.851806640625,779.9249877929688,790.8499755859375,779.0,782.0,8781610
2021-09-21,726.1553955078125,775.9749755859375,784.3250122070312,764.4749755859375,781.0,14774996
2021-09-22,717.6162109375,766.8499755859375,775.0750122070312,765.0,774.5,10582202
2021-09-23,734.6009521484375,785.0,786.0,771.0,771.0,13664304
2021-09-24,749.36328125,800.7750244140625,803.9749755859375,787.5,789.5,20806702
2021-09-27,760.3822631835938,812.5499877929688,817.75,804.0,807.8499755859375,16415462
2021-09-28,755.6798095703125,807.5250244140625,816.0,791.0,816.0,12773790
2021-09-29,745.7603759765625,796.9249877929688,803.2999877929688,792.5750122070312,798.5,16263036
2021-09-30,746.2750854492188,797.4749755859375,803.1749877929688,791.5499877929688,793.0,15975348
2021-10-01,740.5433349609375,791.3499755859375,794.5,782.625,791.5,11128596
2021-10-04,741.9703979492188,792.875,800.6749877929688,791.7999877929688,794.5,7051028
2021-10-05,746.5089721679688,797.7249755859375,798.75,788.125,796.0,10257178
2021-10-06,755.6096801757812,807.4500122070312,813.4249877929688,793.5,798.0,18600830
2021-10-07,753.5508422851562,805.25,813.8499755859375,803.5,813.2999877929688,11265724
2021-10-08,749.8778076171875,801.3250122070312,811.0,800.0750122070312,806.0,7245562
2021-10-11,764.4530029296875,816.9000244140625,822.5,799.5,799.9500122070312,13080848
2021-10-12,762.48779296875,814.7999877929688,820.7750244140625,812.5,812.5,8176946
2021-10-13,767.0731811523438,819.7000122070312,824.0,815.0,818.5,6225644
2021-10-14,789.5323486328125,843.7000122070312,845.0,819.0,819.0,14757288
2021-10-18,781.53125,835.1500244140625,862.5,833.5250244140625,852.5,28856456
2021-10-19,790.1405639648438,844.3499755859375,846.2249755859375,835.5,837.7249755859375,8987540
2021-10-20,783.1922607421875,836.9249877929688,849.375,832.2249755859375,844.5499877929688,10908568
2021-10-21,784.3385620117188,838.1500244140625,840.9749755859375,830.4249877929688,835.9000244140625,9738190
2021-10-22,786.4207763671875,840.375,854.0,835.375,840.0499877929688,12175554
2021-10-25,775.3081665039062,828.5,845.0,806.9000244140625,845.0,16426766
2021-10-26,773.3195190429688,826.375,836.9249877929688,823.1749877929688,825.0,12090656
2021-10-27,768.6640625,821.4000244140625,832.5250244140625,818.6500244140625,826.375,13249642
2021-10-28,745.643310546875,796.7999877929688,825.0,793.5750122070312,825.0,17797750
2021-10-29,740.613525390625,791.4249877929688,801.0,780.0,795.0,12406874
2021-11-01,751.1177978515625,802.6500244140625,805.5,791.7750244140625,792.5,8122320
2021-11-02,751.7963256835938,803.375,811.0,800.0250244140625,803.0,13237722
2021-11-03,739.9583740234375,790.7249755859375,804.9500122070312,787.7750244140625,802.5499877929688,10207338
2021-11-04,745.8071899414062,796.9749755859375,798.9249877929688,795.0499877929688,797.5,1096808
2021-11-08,748.7549438476562,800.125,802.3499755859375,785.2249755859375,796.0499877929688,18943580
2021-11-09,735.65380859375,786.125,797.2999877929688,784.5250244140625,797.2999877929688,12695476
2021-11-10,727.699462890625,777.625,784.5,775.0,784.0,13714126
2021-11-11,724.4476928710938,774.1500244140625,777.4500122070312,767.7999877929688,775.0250244140625,7999404
2021-11-12,726.646728515625,776.5,779.5250244140625,772.5250244140625,775.0,14914092
2021-11-15,728.6353149414062,778.625,785.9249877929688,777.2000122070312,781.0499877929688,9533594
2021-11-16,724.3073120117188,774.0,778.5999755859375,770.7999877929688,777.5,8245406
2021-11-17,716.2593383789062,765.4000244140625,772.0,764.25,768.4500122070312,7598878
2021-11-18,720.2833251953125,769.7000122070312,771.75,762.625,763.0250244140625,9152874
2021-11-22,709.0302734375,757.6749877929688,776.3499755859375,749.5250244140625,773.0,15261272
2021-11-23,709.1239013671875,757.7750244140625,763.9000244140625,748.1749877929688,751.0,11235214
2021-11-24,710.293701171875,759.0250244140625,768.1749877929688,757.0250244140625,762.0,30802286
2021-11-25,713.989990234375,762.9749755859375,766.6500244140625,753.5,757.4000244140625,10251652
2021-11-26,697.122314453125,744.9500122070312,753.3499755859375,742.5,750.0,18624936
2021-11-29,702.4329833984375,750.625,753.8250122070312,731.0,747.4000244140625,12990996
2021-11-30,698.8302001953125,746.7750244140625,764.5,743.2750244140625,747.5,25221542
2021-12-01,704.0238037109375,752.3250122070312,753.5250244140625,744.5499877929688,747.5,8677634
2021-12-02,713.896484375,762.875,764.4000244140625,750.0,752.25,11203110
2021-12-03,708.1881713867188,756.7750244140625,767.9749755859375,753.5250244140625,762.9000244140625,8124694
2021-12-06,703.6260986328125,751.9000244140625,759.4000244140625,748.6749877929688,756.5,7029532
2021-12-07,713.873046875,762.8499755859375,766.0,754.9500122070312,756.9749755859375,12427534
2021-12-08,727.0210571289062,776.9000244140625,777.5250244140625,767.0,768.0,15295534
2021-12-09,714.4111328125,763.4249877929688,777.3499755859375,761.0,772.5999755859375,11747744
2021-12-10,712.399169921875,761.2750244140625,764.0,754.2249755859375,762.4500122070312,7779384
2021-12-13,707.065185546875,755.5750122070312,768.8250122070312,753.5999755859375,763.0,10322142
2021-12-14,702.9944458007812,751.2249755859375,758.0,748.5250244140625,751.25,9191100
2021-12-15,701.84814453125,750.0,761.6749877929688,747.8250122070312,751.5,10115148
2021-12-16,701.8948974609375,750.0499877929688,758.5,747.0,756.4000244140625,13210432
2021-12-17,689.23828125,736.5250244140625,753.0,733.8499755859375,748.5,14994768
2021-12-20,667.0599365234375,712.8250122070312,729.0,707.0499877929688,726.0,21156668
2021-12-21,674.6163940429688,720.9000244140625,725.375,715.0,719.75,9118750
2021-12-22,676.2072143554688,722.5999755859375,728.0,717.8499755859375,726.1500244140625,8577484
2021-12-23,675.6925048828125,722.0499877929688,728.9000244140625,718.4249877929688,726.625,9779166
2021-12-24,673.2594604492188,719.4500122070312,726.0,714.0,722.75,5561024
2021-12-27,678.8274536132812,725.4000244140625,727.0,711.0750122070312,714.4500122070312,4705098
2021-12-28,683.5064697265625,730.4000244140625,733.4500122070312,726.7000122070312,730.3499755859375,5450678
2021-12-29,680.2545776367188,726.9249877929688,730.5,723.7000122070312,728.0250244140625,7668702
2021-12-30,683.8339233398438,730.75,733.4249877929688,722.5,729.25,7215918
2021-12-31,692.2094116210938,739.7000122070312,742.4000244140625,730.75,730.75,6325736
2022-01-03,711.0422973632812,759.8250122070312,761.5,740.25,742.5,9069184
2022-01-04,715.20654296875,764.2750244140625,766.4500122070312,753.9000244140625,760.0,8857352
2022-01-05,732.1913452148438,782.4249877929688,786.0,764.0499877929688,768.4000244140625,14332638
2022-01-06,720.4471435546875,769.875,777.375,765.0250244140625,771.5,9628930
2022-01-07,725.5003662109375,775.2750244140625,783.375,767.9500122070312,772.0,11179384
2022-01-10,729.5243530273438,779.5750122070312,786.0,772.75,779.0,8856496
2022-01-11,732.6826782226562,782.9500122070312,784.3499755859375,773.9000244140625,780.7750244140625,8389198
2022-01-12,728.3545532226562,778.3250122070312,788.3250122070312,776.0,784.0,21085530
2022-01-13,714.9491577148438,764.0,777.5,760.2000122070312,777.5,41963896
2022-01-14,722.9737548828125,772.5750122070312,774.3499755859375,759.5,765.0,11208968
2022-01-17,711.9078979492188,760.75,778.0,759.5750122070312,765.0,22989372
2022-01-18,715.5341186523438,764.625,775.4500122070312,761.5,766.5,12341152
2022-01-19,710.4807739257812,759.2249755859375,769.875,756.6749877929688,767.0,14317626
2022-01-20,706.0592041015625,754.5,764.25,750.0499877929688,764.2249755859375,15197846
2022-01-21,711.9547119140625,760.7999877929688,764.9000244140625,742.7999877929688,750.0,11537694
2022-01-24,695.6015625,743.3250122070312,760.625,733.7750244140625,754.9749755859375,11868508
2022-01-25,696.2567749023438,744.0250244140625,747.5,722.0,729.3250122070312,13594248
2022-01-27,690.127197265625,737.4749755859375,742.5,717.5,725.0,28617838
2022-01-28,684.6527099609375,731.625,743.3499755859375,730.0,738.75,24925208
2022-01-31,695.1571044921875,742.8499755859375,745.7750244140625,733.4000244140625,736.375,12842546
2022-02-01,700.4443969726562,748.5,758.5,736.7249755859375,754.25,14739484
2022-02-02,716.446533203125,765.5999755859375,767.5,752.7999877929688,755.9749755859375,13969290
2022-02-03,709.0302734375,757.6749877929688,769.9749755859375,754.5,764.375,10564762
2022-02-04,713.0777587890625,762.0,766.4249877929688,757.0499877929688,764.2000122070312,11579958
2022-02-07,686.945556640625,734.0750122070312,759.5,730.0,756.0499877929688,12268042
2022-02-08,683.9977416992188,730.9249877929688,739.2249755859375,722.2750244140625,738.2000122070312,13981130
2022-02-09,700.72509765625,748.7999877929688,749.8499755859375,733.5,737.0,11308342
2022-02-10,713.5923461914062,762.5499877929688,767.75,750.8250122070312,757.0,14314530
2022-02-11,710.6680297851562,759.4249877929688,762.5,749.75,750.125,10711104
2022-02-14,689.5422973632812,736.8499755859375,749.7249755859375,734.6500244140625,745.0,14656620
2022-02-15,710.1767578125,758.9000244140625,762.4500122070312,736.5250244140625,738.0,13135066
2022-02-16,709.2174682617188,757.875,767.375,753.5,767.1749877929688,10032264
2022-02-17,704.889404296875,753.25,761.0,751.0,756.5499877929688,7351208
2022-02-18,707.6266479492188,756.1749877929688,758.5,745.2249755859375,749.1500244140625,7796128
2022-02-21,712.1885986328125,761.0499877929688,765.3499755859375,747.7750244140625,752.0,7468066
2022-02-22,706.8545532226562,755.3499755859375,761.0499877929688,743.9749755859375,744.9000244140625,9536196
2022-02-23,702.269287109375,750.4500122070312,762.8499755859375,747.8250122070312,762.5499877929688,9029562
2022-02-24,664.1354370117188,709.7000122070312,737.4749755859375,703.5750122070312,724.9500122070312,23630766
2022-02-25,681.3073120117188,728.0499877929688,732.9500122070312,716.4249877929688,719.9749755859375,18318654
2022-02-28,667.3405151367188,713.125,719.2750244140625,707.0250244140625,713.0,24880832
2022-03-02,643.0098266601562,687.125,699.2000122070312,677.2000122070312,693.25,38505560
2022-03-03,641.4891967773438,685.5,696.0,681.4500122070312,690.5,17527922
2022-03-04,639.3836059570312,683.25,693.0,668.4500122070312,680.0,21219364
2022-03-07,619.8722534179688,662.4000244140625,666.1749877929688,648.5250244140625,659.25,27054458
2022-03-08,621.27587890625,663.9000244140625,667.0,646.0,651.0999755859375,39212492
2022-03-09,641.5593872070312,685.5750122070312,687.3499755859375,659.4249877929688,665.0,23134694
2022-03-10,651.6424560546875,696.3499755859375,713.5,690.125,713.5,22273206
2022-03-11,653.5609741210938,698.4000244140625,704.4749755859375,686.3499755859375,694.0,15150780
2022-03-14,674.9673461914062,721.2750244140625,725.0,707.5,707.5,25018126
2022-03-15,666.287841796875,712.0,724.75,705.875,721.75,18867928
2022-03-16,677.5875854492188,724.0750122070312,727.5,718.0999755859375,723.5,13364108
2022-03-17,692.5134887695312,740.0250244140625,744.9000244140625,735.2750244140625,736.0,14823954
2022-03-21,695.5314331054688,743.25,746.8250122070312,736.4000244140625,743.5,12257876
2022-03-22,699.1109008789062,747.0750122070312,749.0,728.5999755859375,740.6500244140625,10461814
2022-03-23,692.1392211914062,739.625,759.4000244140625,736.7999877929688,753.5,31188256
2022-03-24,675.0140991210938,721.3250122070312,734.8250122070312,717.2750244140625,733.0,20160044
2022-03-25,669.5162353515625,715.4500122070312,726.0,709.5,725.5,16366462
2022-03-28,670.4053344726562,716.4000244140625,719.0,700.7999877929688,715.4500122070312,15754886
2022-03-29,679.2953491210938,725.9000244140625,730.125,715.0,720.5,12377448
2022-03-30,691.0631103515625,738.4749755859375,741.375,727.0250244140625,736.0,20109742
2022-03-31,687.9749145507812,735.1749877929688,742.3499755859375,732.9500122070312,735.5,14295714
2022-04-01,704.6554565429688,753.0,755.0,735.1500244140625,738.2000122070312,14568556
2022-04-04,775.2146606445312,828.4000244140625,861.0499877929688,781.2750244140625,790.0,97450970
2022-04-05,752.4981079101562,804.125,833.3499755859375,801.0,833.3499755859375,30922582
2022-04-06,725.6407470703125,775.4249877929688,794.9000244140625,773.6749877929688,793.8499755859375,27027860
2022-04-07,709.6854248046875,758.375,770.6749877929688,756.8499755859375,770.6500244140625,40781732
2022-04-08,708.7028198242188,757.3250122070312,762.875,748.6500244140625,756.0499877929688,41256322
2022-04-11,700.0467529296875,748.0750122070312,755.0,746.625,753.0,20799066
2022-04-12,698.8067626953125,746.75,753.4249877929688,740.0750122070312,742.0,27435402
2022-04-13,685.4482421875,732.4749755859375,751.1500244140625,731.3250122070312,745.0,28892520
2022-04-18,652.9292602539062,697.7249755859375,715.8250122070312,695.0250244140625,709.4249877929688,45620376
2022-04-19,628.0136108398438,671.0999755859375,694.7750244140625,663.5,690.4500122070312,74096022
2022-04-20,633.6751708984375,677.1500244140625,679.9500122070312,667.6749877929688,677.2249755859375,49325736
2022-04-21,643.0565795898438,687.1749877929688,689.9000244140625,676.6500244140625,682.5,52446270
2022-04-22,634.2835083007812,677.7999877929688,687.6749877929688,674.5750122070312,680.0,20659148
2022-04-25,639.03271484375,682.875,685.3250122070312,661.125,675.0,20935488
2022-04-26,641.98046875,686.0250244140625,690.9749755859375,678.5750122070312,686.0,17016842
2022-04-27,642.2144165039062,686.2750244140625,689.5,678.0499877929688,680.0,18054334
2022-04-28,641.6528930664062,685.6749877929688,689.5,681.0499877929688,686.0,20773722
2022-04-29,647.8525390625,692.2999877929688,702.375,685.7750244140625,690.1749877929688,28401476
2022-05-02,656.7893676757812,701.8499755859375,703.2249755859375,681.0250244140625,681.0250244140625,19494316
2022-05-04,634.4706420898438,678.0,701.7999877929688,675.0,700.0,29055916
2022-05-05,633.0435791015625,676.4749755859375,687.5,673.25,687.5,17862912
2022-05-06,616.50341796875,658.7999877929688,667.5,656.5,665.0,26731268
2022-05-09,617.55615234375,659.9249877929688,663.25,647.75,650.0,32762434
2022-05-10,627.4755859375,670.5250244140625,676.5,657.5250244140625,657.5250244140625,20113812
2022-05-11,631.0081787109375,674.2999877929688,677.5,664.3250122070312,676.5,17102924
2022-05-12,616.7843627929688,651.5250244140625,663.4000244140625,646.5,660.5499877929688,22382290
2022-05-13,611.246337890625,645.6749877929688,659.0,643.5,655.0250244140625,16768238
2022-05-16,617.754638671875,652.5499877929688,656.0,642.6500244140625,649.5,9804356
2022-05-17,621.9674072265625,657.0,658.5,649.0999755859375,656.2999877929688,16641444
2022-05-18,621.9201049804688,656.9500122070312,666.6500244140625,655.0,662.0250244140625,15732384
2022-05-19,609.2109985351562,643.5250244140625,648.2000122070312,639.1500244140625,643.0999755859375,20537506
2022-05-20,625.2571411132812,660.4749755859375,662.0999755859375,646.1749877929688,651.5,13919350
2022-05-23,617.234130859375,652.0,664.9749755859375,649.5499877929688,657.0,19486320
2022-05-24,624.3104248046875,659.4749755859375,662.5,648.4500122070312,650.0,12870796
2022-05-25,628.972900390625,664.4000244140625,667.9749755859375,661.5999755859375,665.0,12887112
2022-05-26,646.912353515625,683.3499755859375,685.5,670.0,671.0750122070312,26992428
2022-05-27,658.9115600585938,696.0250244140625,697.3499755859375,685.375,685.9000244140625,24031718
2022-05-30,663.4083251953125,700.7750244140625,710.25,699.2249755859375,705.125,12624674
2022-05-31,657.4441528320312,694.4749755859375,702.4000244140625,690.0,697.9500122070312,13485388
2022-06-01,660.2369384765625,697.4249877929688,700.2249755859375,689.5750122070312,690.0,12091896
2022-06-02,655.621826171875,692.5499877929688,694.0,689.2999877929688,693.625,11475020
2022-06-03,653.349853515625,690.1500244140625,700.375,688.1500244140625,699.1500244140625,6957244
2022-06-06,652.4740600585938,689.2249755859375,693.5,680.3250122070312,688.1500244140625,6173266
2022-06-07,644.9717407226562,681.2999877929688,687.1500244140625,677.0499877929688,681.0,10253966
2022-06-08,647.2437133789062,683.7000122070312,690.5,678.5,686.6500244140625,5986588
2022-06-09,652.1190795898438,688.8499755859375,691.0250244140625,678.5750122070312,681.125,7311816
2022-06-10,639.5283203125,675.5499877929688,683.9749755859375,671.7999877929688,680.0499877929688,9155430
2022-06-13,627.9315185546875,663.2999877929688,665.0,654.1500244140625,661.7999877929688,10892572
2022-06-14,621.020751953125,656.0,663.0,652.5,655.625,11870356
2022-06-15,618.8671264648438,653.7249755859375,657.9000244140625,649.2000122070312,650.8250122070312,11810470
2022-06-16,606.4892578125,640.6500244140625,660.2750244140625,639.0,655.0,12169192
2022-06-17,610.4889526367188,644.875,649.5,635.7999877929688,637.5,14723922
2022-06-20,625.8251953125,661.0750122070312,662.5,647.0750122070312,652.3499755859375,15936840
2022-06-21,632.6412353515625,668.2750244140625,677.0,662.0250244140625,668.4500122070312,13220684
2022-06-22,629.6592407226562,665.125,668.4749755859375,661.5999755859375,666.125,8159698
2022-06-23,631.9785766601562,667.5750122070312,674.0,659.25,665.25,15372244
2022-06-24,640.806396484375,676.9000244140625,680.8250122070312,669.2750244140625,669.2750244140625,8013432
2022-06-27,641.9660034179688,678.125,688.0,676.0,685.0,9804164
2022-06-28,637.0669555664062,672.9500122070312,675.5,669.2000122070312,672.0,9770574
2022-06-29,636.1438598632812,671.9749755859375,675.375,665.625,665.625,9994046
2022-06-30,638.0609741210938,674.0,677.0,668.0,668.0,12475822
2022-07-01,640.7826538085938,676.875,680.0,665.0250244140625,671.9749755859375,11472452
2022-07-04,641.6820678710938,677.8250122070312,680.0999755859375,671.125,676.8499755859375,8487480
2022-07-05,640.2383422851562,676.2999877929688,689.6749877929688,674.1500244140625,682.0,14325718
2022-07-06,649.0661010742188,685.625,686.7000122070312,673.5499877929688,674.0,15049078
2022-07-07,660.6865844726562,697.9000244140625,699.0,687.2249755859375,690.0,17743142
2022-07-08,661.3018798828125,698.5499877929688,705.0,697.375,705.0,12474030
2022-07-11,665.585693359375,703.0750122070312,704.9500122070312,696.625,697.0,7462880
2022-07-12,658.793212890625,695.9000244140625,702.625,694.7000122070312,702.625,9876974
2022-07-13,642.7233276367188,678.9249877929688,697.0999755859375,677.125,695.0,15945610
2022-07-14,639.504638671875,675.5250244140625,686.3250122070312,674.625,681.0,10372410
2022-07-15,644.7113647460938,681.0250244140625,682.4500122070312,673.4000244140625,676.5,13595646
2022-07-18,637.8480224609375,673.7750244140625,683.0499877929688,671.0250244140625,674.0,20332220
2022-07-19,638.0845947265625,674.0250244140625,679.2750244140625,668.5,668.5,15792538
2022-07-20,646.1314086914062,682.5250244140625,685.5499877929688,677.625,679.9500122070312,20347862
2022-07-21,644.0960083007812,680.375,684.75,679.0499877929688,680.2750244140625,12640278
2022-07-22,659.12451171875,696.25,698.5,681.2000122070312,683.0,12729592
2022-07-25,661.065185546875,698.2999877929688,702.2999877929688,691.6500244140625,697.5,10143126
2022-07-26,659.7162475585938,696.875,701.0,693.1500244140625,698.0,8527964
2022-07-27,664.75732421875,702.2000122070312,703.0,692.125,694.4500122070312,9212778
2022-07-28,670.650390625,708.4249877929688,712.0,705.5,707.5250244140625,17420406
2022-07-29,678.8627319335938,717.0999755859375,719.2999877929688,707.6500244140625,719.0,20019736
2022-08-01,684.5191650390625,723.0750122070312,724.2249755859375,715.0250244140625,719.5,13193036
2022-08-02,676.9931030273438,715.125,722.2999877929688,711.5250244140625,721.0,15036510
2022-08-03,678.5787353515625,716.7999877929688,717.875,708.5,712.4749755859375,10975498
2022-08-04,677.7741088867188,715.9500122070312,723.3499755859375,706.4749755859375,720.0,12012206
2022-08-05,675.4783935546875,713.5250244140625,718.4749755859375,710.5750122070312,716.5,9268982
2022-08-08,692.0452880859375,731.0250244140625,732.25,713.5499877929688,714.0,15357736
2022-08-10,694.0569458007812,733.1500244140625,735.75,724.5250244140625,730.6749877929688,17353102
2022-08-11,703.2398071289062,742.8499755859375,745.5,737.2750244140625,743.25,18301766
2022-08-12,702.9794311523438,742.5750122070312,744.6500244140625,737.9749755859375,742.5,8850370
2022-08-16,711.0262451171875,751.0750122070312,754.25,744.0250244140625,747.4000244140625,12563756
2022-08-17,714.6945190429688,754.9500122070312,756.375,742.875,750.0,12384350
2022-08-18,715.5465698242188,755.8499755859375,756.9500122070312,749.8250122070312,750.0,8342138
2022-08-19,706.71875,746.5250244140625,756.0,745.0,755.0,8063702
2022-08-22,695.9739990234375,735.1749877929688,744.1749877929688,733.8499755859375,742.4000244140625,8234066
2022-08-23,693.8203125,732.9000244140625,737.9749755859375,725.2000122070312,726.6500244140625,14966884
2022-08-24,697.1573486328125,736.4249877929688,737.75,729.5999755859375,730.9500122070312,13455520
2022-08-25,693.3706665039062,732.4249877929688,743.4000244140625,728.5,739.9500122070312,11823040
2022-08-26,693.4889526367188,732.5499877929688,740.9000244140625,730.5999755859375,736.0250244140625,7706176
2022-08-29,681.3240966796875,719.7000122070312,723.0,714.2999877929688,718.5,8653178
2022-08-30,703.4290771484375,743.0499877929688,744.9749755859375,721.5499877929688,723.2249755859375,10135400
2022-09-01,696.8260498046875,736.0750122070312,744.7249755859375,729.5,732.375,22403136
2022-09-02,703.1451416015625,742.75,745.25,732.5999755859375,736.0750122070312,12038086
2022-09-05,707.66552734375,747.5250244140625,749.5,742.0499877929688,743.0499877929688,12131932
2022-09-06,704.9674072265625,744.6749877929688,753.3250122070312,743.2249755859375,749.4500122070312,12238696
2022-09-07,701.6304321289062,741.1500244140625,745.0,735.6500244140625,735.6500244140625,9776206
2022-09-08,708.8724975585938,748.7999877929688,750.0,741.0750122070312,745.0499877929688,11164690
2022-09-09,709.3458251953125,749.2999877929688,754.5,747.0250244140625,748.0999755859375,15128888
2022-09-12,706.9555053710938,746.7750244140625,752.0,745.0,750.0,11080492
2022-09-13,716.209228515625,756.5499877929688,757.9500122070312,749.2750244140625,749.4500122070312,13001966
2022-09-14,723.5697021484375,764.3250122070312,769.4500122070312,746.1749877929688,747.0250244140625,20219760
2022-09-15,719.8065185546875,760.3499755859375,770.4749755859375,756.0,765.0,13539372
2022-09-16,706.5767822265625,746.375,757.3499755859375,741.5,751.5499877929688,20560046
2022-09-19,711.2391967773438,751.2999877929688,757.0,740.0,744.5,12076038
2022-09-20,719.8065185546875,760.3499755859375,762.0,754.9500122070312,757.0,10781668
2022-09-21,718.6942749023438,759.1749877929688,760.75,752.5,754.0,9072304
2022-09-22,703.3817749023438,743.0,755.0750122070312,741.375,751.0,12048144
2022-09-23,684.5191650390625,723.0750122070312,737.5,718.5,736.1749877929688,15806252
2022-09-26,675.2890625,713.3250122070312,718.2249755859375,709.0,712.6749877929688,8923486
2022-09-27,669.2302856445312,706.9249877929688,720.0,703.5,716.2000122070312,12639700
2022-09-28,657.7281494140625,694.7750244140625,705.2999877929688,692.9500122070312,703.0,11816132
2022-09-29,654.3201904296875,691.1749877929688,701.0999755859375,689.4000244140625,698.1500244140625,14410388
2022-09-30,672.7803344726562,710.6749877929688,715.7249755859375,682.5,689.4000244140625,15781756
2022-10-03,668.9226684570312,706.5999755859375,708.9249877929688,700.5499877929688,704.9749755859375,11541112
2022-10-04,687.7615966796875,726.5,729.0,713.0750122070312,714.75,11538526
2022-10-06,680.1881103515625,718.5,731.2999877929688,717.0999755859375,729.9749755859375,12549198
2022-10-07,677.25341796875,715.4000244140625,717.4749755859375,710.1749877929688,715.125,13297994
2022-10-10,669.774658203125,707.5,713.0,699.0999755859375,704.0,13109302
2022-10-11,662.9823608398438,700.3250122070312,708.5,699.7249755859375,700.5499877929688,14521620
2022-10-12,667.3133544921875,704.9000244140625,707.4249877929688,698.6500244140625,701.5999755859375,9225050
2022-10-13,659.6452026367188,696.7999877929688,703.125,692.0,701.0250244140625,14714234
2022-10-14,681.1348876953125,719.5,723.5,707.625,708.5,12849920
2022-10-17,684.7085571289062,723.2750244140625,728.7999877929688,713.5,717.5,18410500
2022-10-18,683.4304809570312,721.9249877929688,731.4500122070312,720.0,729.0250244140625,10561108
2022-10-19,690.4359741210938,729.3250122070312,738.7000122070312,726.7000122070312,732.0,12967040
2022-10-20,685.7736206054688,724.4000244140625,726.4500122070312,721.25,722.0,7898078
2022-10-21,680.9454345703125,719.2999877929688,728.8250122070312,717.0,726.0,10492606
2022-10-24,691.5718994140625,730.5250244140625,731.5,727.1500244140625,727.1500244140625,2167794
2022-10-25,686.767578125,725.4500122070312,733.9000244140625,722.5,730.5499877929688,13773394
2022-10-27,688.4242553710938,727.2000122070312,733.6749877929688,725.625,732.25,15937276
2022-10-28,690.4595336914062,729.3499755859375,733.5,723.7000122070312,725.0,10474278
2022-10-31,708.446533203125,748.3499755859375,749.0,733.625,736.0,12830528
2022-11-01,716.2802124023438,756.625,764.5,749.4500122070312,751.75,19073756
2022-11-02,716.7298583984375,757.0999755859375,764.125,755.7999877929688,758.5,12720406
2022-11-03,713.5822143554688,753.7750244140625,760.125,748.5,748.8499755859375,10332352
2022-11-04,708.6595458984375,748.5750122070312,758.0499877929688,744.7999877929688,751.5999755859375,10818060
2022-11-07,714.1738891601562,754.4000244140625,756.0,746.0499877929688,755.0,9835834
2022-11-09,713.9608154296875,754.1749877929688,758.9749755859375,752.0,757.5250244140625,9269790
2022-11-10,721.7236328125,762.375,763.5,747.5250244140625,748.5499877929688,12774182
2022-11-11,762.6201782226562,805.5750122070312,818.5,769.0,772.5,56722338
2022-11-14,764.4661254882812,807.5250244140625,814.0,799.0,806.0,19195390
2022-11-15,766.3358154296875,809.5,811.5750122070312,802.625,811.5750122070312,11030202
2022-11-16,772.915283203125,816.4500122070312,821.0,806.0,809.3250122070312,13578150
2022-11-17,765.9335327148438,809.0750122070312,815.7750244140625,806.9500122070312,809.0499877929688,12100930
2022-11-18,763.921875,806.9500122070312,811.5,802.625,810.5,10459232
2022-11-21,756.0880737304688,798.6749877929688,806.0,795.0999755859375,803.8250122070312,8344816
2022-11-22,754.9756469726562,797.5,802.1749877929688,795.5,800.0,8546314
2022-11-23,756.9400634765625,799.5750122070312,802.5,797.0,802.5,10185738
2022-11-24,769.2468872070312,812.5750122070312,816.0,799.5750122070312,802.9749755859375,17197960
2022-11-25,765.6968994140625,808.8250122070312,815.8499755859375,807.0499877929688,814.8499755859375,8410496
2022-11-28,757.4607543945312,800.125,803.7249755859375,797.0250244140625,801.4500122070312,16105980
2022-11-29,756.32470703125,798.9249877929688,806.1749877929688,796.4249877929688,798.625,12638236
2022-11-30,761.3421020507812,804.2249755859375,806.4500122070312,798.5499877929688,798.5499877929688,15184806
2022-12-01,766.572509765625,809.75,818.5,807.5,811.0,20446366
2022-12-02,760.7030639648438,803.5499877929688,809.2999877929688,802.5750122070312,805.0,7811078
2022-12-05,763.4721069335938,806.4749755859375,807.2999877929688,798.0999755859375,804.9749755859375,11592622
2022-12-06,762.6201782226562,805.5750122070312,806.8499755859375,800.0,800.5,12353092
2022-12-07,762.2886962890625,805.2249755859375,809.2999877929688,802.2249755859375,807.0750122070312,11674720
2022-12-08,766.572509765625,809.75,813.0,802.5,805.0,14803634
2022-12-09,772.0396118164062,815.5250244140625,817.4249877929688,810.0,813.0,11963384
2022-12-12,778.0509033203125,821.875,826.7999877929688,810.7000122070312,812.5,14434808
2022-12-13,780.2046508789062,824.1500244140625,828.5,822.5,825.0,17031702
2022-12-14,786.8077392578125,831.125,832.75,825.0,826.5,14227640
2022-12-15,772.3946533203125,815.9000244140625,834.7000122070312,813.5250244140625,828.5250244140625,18182648
2022-12-16,776.1102905273438,819.8250122070312,822.5499877929688,804.5,810.0250244140625,14647958
2022-12-19,778.5243530273438,822.375,823.3250122070312,813.0999755859375,822.0,9604542
2022-12-20,773.1519775390625,816.7000122070312,818.2000122070312,810.0999755859375,810.0999755859375,7174698
2022-12-21,765.673095703125,808.7999877929688,822.4000244140625,803.2750244140625,820.5,9269198
2022-12-22,763.0462036132812,806.0250244140625,813.75,804.5,811.0999755859375,9747096
2022-12-23,756.2301025390625,798.8250122070312,802.0750122070312,792.7249755859375,793.5,10693152
2022-12-26,771.2822265625,814.7249755859375,819.5,795.0,799.75,9907322
2022-12-27,772.0632934570312,815.5499877929688,817.9749755859375,806.75,816.5,7926772
2022-12-28,771.4478759765625,814.9000244140625,816.5,811.5499877929688,811.5499877929688,8691870
2022-12-29,776.8912963867188,820.6500244140625,821.75,805.5,810.0499877929688,11012896
2022-12-30,770.6668701171875,814.0750122070312,822.5,810.0,822.5,7122640
2023-01-02,770.9271850585938,814.3499755859375,819.875,809.2750244140625,813.5,4381378
2023-01-03,775.9682006835938,819.6749877929688,821.5,811.0999755859375,811.0999755859375,8378030
2023-01-04,762.0994873046875,805.0250244140625,822.875,803.5,817.5,10351600
2023-01-05,757.2003784179688,799.8499755859375,809.0250244140625,794.7000122070312,807.5,10941436
2023-01-06,754.6917114257812,797.2000122070312,804.5499877929688,789.0999755859375,801.0,9092462
2023-01-09,756.1590576171875,798.75,805.7750244140625,795.0,798.0,10729340
2023-01-10,742.3375854492188,784.1500244140625,800.0,782.5,800.0,16371766
2023-01-11,753.0350341796875,795.4500122070312,799.0,780.0,783.9749755859375,15195798
2023-01-12,757.0584716796875,799.7000122070312,801.9500122070312,792.0750122070312,793.9000244140625,9250070
2023-01-13,757.6500854492188,800.3250122070312,804.9500122070312,793.0,799.375,9244546
2023-01-16,750.3843994140625,792.6500244140625,810.6500244140625,790.1500244140625,807.5,14748094
2023-01-17,761.5551147460938,804.4500122070312,805.5,788.75,794.9000244140625,10786354
2023-01-18,774.9979248046875,818.6500244140625,820.7999877929688,799.8499755859375,802.5,19090642
2023-01-19,778.2166137695312,822.0499877929688,825.0,816.5,818.5,11172162
2023-01-20,786.1923828125,830.4749755859375,834.5,821.7000122070312,822.0499877929688,18843404
2023-01-23,791.9434204101562,836.5499877929688,841.2999877929688,830.7000122070312,833.125,15444400
2023-01-24,802.5462036132812,847.75,851.2000122070312,837.5,837.5250244140625,24983940
2023-01-25,780.370361328125,824.3250122070312,846.4749755859375,822.6500244140625,845.7000122070312,14704142
2023-01-27,764.8211669921875,807.9000244140625,818.5,794.9749755859375,816.0,35179948
2023-01-30,764.0402221679688,807.0750122070312,812.6500244140625,791.0,797.5,18512822
2023-01-31,758.9990234375,801.75,811.3499755859375,797.5,809.8499755859375,18596244
2023-02-01,770.3828735351562,813.7750244140625,832.5,803.0,812.0,17302790
2023-02-02,758.9280395507812,801.6749877929688,812.25,794.375,804.0499877929688,17497106
2023-02-03,785.1747436523438,829.4000244140625,830.25,803.5,805.5,14411100
2023-02-06,781.8377075195312,825.875,834.7000122070312,823.0999755859375,830.0,11167672
2023-02-07,782.997314453125,827.0999755859375,832.4500122070312,816.2999877929688,829.7000122070312,10264588
2023-02-08,782.9026489257812,827.0,834.0999755859375,825.0,827.125,8444826
2023-02-09,781.2697143554688,825.2750244140625,830.8250122070312,817.7750244140625,830.0,11777336
2023-02-10,784.3700561523438,828.5499877929688,829.25,821.0999755859375,824.4000244140625,8172116
2023-02-13,784.961669921875,829.1749877929688,830.875,822.2750244140625,827.5,5736944
2023-02-14,792.2274169921875,836.8499755859375,838.75,828.9749755859375,832.5,10908592
2023-02-15,790.6181640625,835.1500244140625,839.0,828.375,839.0,11438712
2023-02-16,787.7545166015625,832.125,840.9500122070312,830.5,836.5999755859375,8062500
2023-02-17,783.8021240234375,827.9500122070312,834.0750122070312,821.4749755859375,830.5,8956270
2023-02-20,776.4415893554688,820.1749877929688,834.7249755859375,817.4000244140625,830.0,8086706
2023-02-21,779.3526611328125,823.25,831.1749877929688,817.0,820.0,12389296
2023-02-22,764.063720703125,807.0999755859375,820.9749755859375,804.5250244140625,819.5,10359102
2023-02-23,758.8807373046875,801.625,809.4249877929688,796.0499877929688,806.5,27882010
2023-02-24,752.1119384765625,794.4749755859375,808.9500122070312,792.5999755859375,808.9500122070312,17061740
2023-02-27,753.9816284179688,796.4500122070312,799.5,788.6500244140625,792.9500122070312,14312972
2023-02-28,757.153076171875,799.7999877929688,802.6500244140625,794.3499755859375,796.0,18993992
2023-03-01,756.41943359375,799.0250244140625,806.5,797.875,806.0,14137256
2023-03-02,749.98193359375,792.2249755859375,802.9749755859375,791.0,797.0,17391814
2023-03-03,764.8685302734375,807.9500122070312,810.0,794.0,798.0,14986234
2023-03-06,770.2645874023438,813.6500244140625,819.7249755859375,809.0250244140625,810.0,27004710
2023-03-08,771.8029174804688,815.2750244140625,819.75,810.0,810.0,20099774
2023-03-09,771.8739013671875,815.3499755859375,822.9749755859375,813.5,814.9749755859375,20700166
2023-03-10,751.969970703125,794.3250122070312,806.875,792.5,805.2249755859375,27387000
2023-03-13,742.4559326171875,784.2750244140625,801.9000244140625,782.4749755859375,793.9500122070312,26443550
2023-03-14,740.4678955078125,782.1749877929688,791.7999877929688,779.6500244140625,785.125,33185612
2023-03-15,729.8413696289062,770.9500122070312,791.4500122070312,768.2999877929688,789.0,37264754
2023-03-16,734.5747680664062,775.9500122070312,779.5499877929688,766.0250244140625,769.5,21753342
2023-03-17,744.3966064453125,786.3250122070312,789.5999755859375,770.0,778.75,22950876
2023-03-20,739.2371826171875,780.875,784.0499877929688,772.7000122070312,783.9749755859375,26503114
2023-03-21,747.615234375,789.7249755859375,791.25,778.0999755859375,785.9749755859375,33050494
2023-03-22,745.8876342773438,787.9000244140625,793.0250244140625,782.6500244140625,792.0,14177324
2023-03-23,739.8998413085938,781.5750122070312,795.1749877929688,779.2750244140625,783.875,28364178
2023-03-24,738.7164916992188,780.3250122070312,786.9500122070312,777.4749755859375,780.0,31477748
2023-03-27,741.9352416992188,783.7249755859375,789.7249755859375,779.4500122070312,781.0999755859375,31872006
2023-03-28,747.9702758789062,790.0999755859375,791.4500122070312,782.0499877929688,782.8499755859375,39276302
2023-03-29,751.5676879882812,793.9000244140625,801.0,790.9500122070312,792.0,39763612
2023-03-31,761.86279296875,804.7750244140625,806.4749755859375,796.2000122070312,797.7999877929688,34711228
2023-04-03,762.3361206054688,805.2750244140625,807.8499755859375,801.375,803.7750244140625,40025398
2023-04-05,782.7843017578125,826.875,828.0,808.0,809.2999877929688,43365392
2023-04-06,788.7484130859375,833.1749877929688,834.5999755859375,823.5499877929688,824.2750244140625,44637344
2023-04-10,785.0090942382812,829.2249755859375,835.5,827.0,831.625,31813286
2023-04-11,787.3047485351562,831.6500244140625,834.7000122070312,825.5499877929688,829.5,42361542
2023-04-12,797.5288696289062,842.4500122070312,844.0999755859375,833.9000244140625,834.0,26955504
2023-04-13,801.1025390625,846.2249755859375,848.5250244140625,839.0750122070312,844.1500244140625,35330086
2023-04-17,788.8904418945312,833.3250122070312,860.0,826.6500244140625,860.0,32405148
2023-04-18,785.5534057617188,829.7999877929688,838.625,828.2000122070312,835.0,29637226
2023-04-19,788.4407958984375,832.8499755859375,835.1500244140625,828.5750122070312,832.5,24741168
2023-04-20,791.3754272460938,835.9500122070312,838.7249755859375,833.2000122070312,835.8499755859375,32922716
2023-04-21,792.6535034179688,837.2999877929688,838.4749755859375,831.625,834.5,20128618
2023-04-24,799.0671997070312,844.0750122070312,845.7249755859375,837.0499877929688,843.5,35675852
2023-04-25,787.7070922851562,832.0750122070312,843.8499755859375,830.9500122070312,843.8499755859375,50353068
2023-04-26,791.328125,835.9000244140625,837.5,827.5,830.0,27392750
2023-04-27,795.6829223632812,840.5,842.625,832.9249877929688,835.25,47790392
2023-04-28,798.806884765625,843.7999877929688,845.5,835.0,842.3499755859375,27916272
2023-05-02,798.6411743164062,843.625,849.5,841.0,844.3499755859375,32221184
2023-05-03,801.4339599609375,846.5750122070312,848.0,839.8250122070312,842.4749755859375,29407270
2023-05-04,817.8351440429688,863.9000244140625,867.2249755859375,843.5499877929688,843.5499877929688,56854638
2023-05-05,769.4835815429688,812.8250122070312,830.4749755859375,811.0499877929688,819.5,62770416
2023-05-08,778.3822631835938,822.2249755859375,825.1749877929688,815.0,817.5,37244524
2023-05-09,778.406005859375,822.25,828.0,819.9749755859375,824.9500122070312,43688938
2023-05-10,782.0032958984375,826.0499877929688,827.3250122070312,816.5499877929688,822.25,46340550
2023-05-11,782.5240478515625,826.5999755859375,844.0,824.625,832.5750122070312,35734618
2023-05-12,789.4347534179688,833.9000244140625,836.4000244140625,822.125,823.5,22478760
2023-05-15,793.2214965820312,837.9000244140625,840.375,832.5499877929688,836.0,18512260
2023-05-16,788.6732788085938,823.6500244140625,835.9000244140625,822.0,835.9000244140625,32722086
2023-05-17,784.4360961914062,819.2249755859375,825.0,812.6749877929688,825.0,30466868
2023-05-18,787.572021484375,822.5,826.9749755859375,820.0,824.0,49646942
2023-05-19,788.481689453125,823.4500122070312,825.0,815.7750244140625,824.0,30460332
2023-05-22,785.6808471679688,820.5250244140625,826.4500122070312,816.3499755859375,822.5,28334032
2023-05-23,783.8375854492188,818.5999755859375,824.7999877929688,816.7249755859375,824.5,22470074
2023-05-24,773.592041015625,807.9000244140625,817.375,806.7999877929688,813.7750244140625,33588112
2023-05-25,770.6236572265625,804.7999877929688,810.0250244140625,798.6749877929688,807.8499755859375,29776930
2023-05-26,773.592041015625,807.9000244140625,809.5,801.125,809.5,26635066
2023-05-29,783.0237426757812,817.75,820.5,812.4249877929688,814.25,21816292
2023-05-30,783.6221923828125,818.375,821.3250122070312,814.2750244140625,816.7999877929688,37125928
2023-05-31,771.22216796875,805.4249877929688,817.4749755859375,802.3250122070312,814.9500122070312,43334270
2023-06-01,767.9425659179688,802.0,809.9500122070312,800.0,809.9500122070312,50366938
2023-06-02,769.1394653320312,803.25,807.4000244140625,800.5,806.2249755859375,17859710
2023-06-05,768.134033203125,802.2000122070312,808.25,801.2249755859375,807.25,18697242
2023-06-06,765.7402954101562,799.7000122070312,804.9249877929688,796.125,803.8250122070312,32182852
2023-06-07,769.7139892578125,803.8499755859375,806.2750244140625,798.0,801.7249755859375,24949026
2023-06-08,770.1926879882812,804.3499755859375,813.0,801.625,801.625,37395522
2023-06-09,771.1024780273438,805.2999877929688,809.25,803.5,807.9500122070312,18212578
2023-06-12,766.4105224609375,800.4000244140625,807.9000244140625,799.7249755859375,806.2750244140625,13408292
2023-06-13,767.703125,801.75,804.5,795.0499877929688,795.0499877929688,27926108
2023-06-14,766.8652954101562,800.875,806.0,800.0999755859375,805.2249755859375,20113968
2023-06-15,757.4336547851562,791.0250244140625,802.9749755859375,789.5,802.0,35377476
2023-06-16,767.3440551757812,801.375,804.5999755859375,792.0,793.5750122070312,15779272
2023-06-19,768.014404296875,802.0750122070312,807.125,799.1749877929688,805.5,24829146
2023-06-20,769.6182861328125,803.75,805.5,795.3250122070312,802.0750122070312,20005626
2023-06-21,783.0716552734375,817.7999877929688,818.625,805.5,808.0,24308946
2023-06-22,786.9017944335938,821.7999877929688,828.7750244140625,819.5250244140625,820.0,56596140
2023-06-23,786.8539428710938,821.75,829.9500122070312,817.0250244140625,818.7750244140625,21339218
2023-06-26,783.0476684570312,817.7750244140625,825.375,814.3499755859375,822.5,16130314
2023-06-27,794.0833129882812,829.2999877929688,836.4500122070312,819.2750244140625,821.4749755859375,33831864
2023-06-28,802.4856567382812,838.0750122070312,839.9500122070312,830.25,835.0,59562950
2023-06-30,814.5745239257812,850.7000122070312,854.4000244140625,841.625,852.0,40699016
2023-07-03,823.3838500976562,859.9000244140625,878.75,855.0,856.25,44104116
2023-07-04,827.405517578125,864.0999755859375,873.5,856.9000244140625,861.7249755859375,38795188
2023-07-05,801.12109375,836.6500244140625,860.0,834.2750244140625,858.125,37165754
2023-07-06,801.93505859375,837.5,843.9249877929688,830.2000122070312,836.5,52156544
2023-07-07,794.945068359375,830.2000122070312,837.5,828.1500244140625,832.5,19926336
2023-07-10,793.0538940429688,828.2249755859375,838.375,824.8499755859375,830.5,38398442
2023-07-11,789.1998901367188,824.2000122070312,838.0,822.75,831.5,50670426
2023-07-12,781.8028564453125,816.4749755859375,833.1500244140625,813.5750122070312,827.6749877929688,70958358
2023-07-13,785.704833984375,820.5499877929688,828.7249755859375,819.0250244140625,828.3499755859375,41913546
2023-07-14,787.3327026367188,822.25,826.7999877929688,817.5,826.7999877929688,24727214
2023-07-17,803.80224609375,839.4500122070312,841.0,816.5,825.0,49252928
2023-07-18,803.1320190429688,838.75,852.0,835.0,849.0,81076818
2023-07-19,806.7705688476562,842.5499877929688,844.375,837.5,840.5499877929688,32935134
2023-07-20,808.51806640625,844.375,846.0,840.0,840.5750122070312,56210948
2023-07-21,802.294189453125,837.875,844.9000244140625,836.625,840.0,42154248
2023-07-24,803.5628662109375,839.2000122070312,842.3250122070312,835.0499877929688,839.25,32179444
2023-07-25,812.2764892578125,848.2999877929688,849.5,839.2000122070312,842.3250122070312,55992596
2023-07-26,809.45166015625,845.3499755859375,849.7999877929688,844.0,849.7999877929688,24794358
2023-07-27,801.0493774414062,836.5750122070312,851.5,833.7249755859375,849.9500122070312,59741302
2023-07-28,786.8539428710938,821.75,834.4500122070312,820.5499877929688,830.75,41015684
2023-07-31,790.5403442382812,825.5999755859375,828.4000244140625,819.3499755859375,825.0250244140625,34565006
2023-08-01,795.830810546875,831.125,833.7249755859375,825.0,827.2249755859375,35394188
2023-08-02,785.4176025390625,820.25,825.75,816.5750122070312,821.0,28116322
2023-08-03,779.7442016601562,814.3250122070312,825.6749877929688,811.5,820.0,57673946
2023-08-04,791.0191040039062,826.0999755859375,828.25,814.625,817.5750122070312,37388304
2023-08-07,790.5643310546875,825.625,831.5499877929688,823.7750244140625,831.5499877929688,28300918
2023-08-08,789.9180297851562,824.9500122070312,827.7999877929688,821.0250244140625,825.8499755859375,43773828
2023-08-09,790.2052001953125,825.25,827.25,815.5499877929688,826.5,33361236
2023-08-10,783.1912841796875,817.9249877929688,827.125,815.5,823.5250244140625,50781118
2023-08-11,775.0283203125,809.4000244140625,819.2000122070312,808.0999755859375,819.2000122070312,28225822
2023-08-14,771.24609375,805.4500122070312,807.5,800.125,805.5,31304410
2023-08-16,768.995849609375,803.0999755859375,804.8250122070312,790.6500244140625,791.5499877929688,34137542
2023-08-17,764.73486328125,798.6500244140625,804.9500122070312,797.0,798.7999877929688,52884040
2023-08-18,761.598876953125,795.375,798.1500244140625,792.75,793.7750244140625,25633366
2023-08-21,761.0003662109375,794.75,800.25,793.5,800.25,21837270
2023-08-22,757.744873046875,791.3499755859375,799.0,790.0,798.1749877929688,32273570
2023-08-23,759.6119995117188,793.2999877929688,795.2750244140625,786.625,790.0,36498588
2023-08-24,756.1170654296875,789.6500244140625,798.0999755859375,788.0750122070312,796.6500244140625,43145792
2023-08-25,747.594970703125,780.75,788.75,779.2000122070312,787.2750244140625,30069756
2023-08-28,755.3749389648438,788.875,791.3250122070312,780.75,780.75,28867238
2023-08-29,761.3834838867188,795.1500244140625,796.3250122070312,790.7249755859375,794.8499755859375,35538932
2023-08-30,755.8297729492188,789.3499755859375,801.9749755859375,786.8499755859375,801.9749755859375,28084204
2023-08-31,752.358642578125,785.7249755859375,791.5750122070312,781.5499877929688,789.5,100075772
2023-09-01,753.9147338867188,787.3499755859375,789.5,779.6749877929688,785.5,43226776
2023-09-04,758.6306762695312,792.2750244140625,795.7249755859375,787.4500122070312,795.0,25073638
2023-09-05,754.010498046875,787.4500122070312,794.2000122070312,785.2999877929688,794.2000122070312,38712082
2023-09-06,763.873046875,797.75,800.0,787.4500122070312,788.4000244140625,56320910
2023-09-07,771.22216796875,805.4249877929688,807.0,793.5750122070312,797.75,34208342
2023-09-08,777.2306518554688,811.7000122070312,816.4500122070312,803.7999877929688,804.1500244140625,34502210
2023-09-11,781.2523803710938,815.9000244140625,818.25,812.0,814.4500122070312,31573022
2023-09-12,783.6940307617188,818.4500122070312,821.4500122070312,812.5250244140625,820.0,39033340
2023-09-13,787.04541015625,821.9500122070312,825.7999877929688,814.2999877929688,815.6500244140625,46420094
2023-09-14,786.5665893554688,821.4500122070312,825.0,817.5499877929688,822.125,23538848
2023-09-15,795.5914306640625,830.875,835.0,825.0,825.0,173411202
2023-09-18,779.9357299804688,814.5250244140625,827.5,813.0499877929688,826.875,37056288
2023-09-20,748.6483154296875,781.8499755859375,799.5,780.2000122070312,799.5,115474648
2023-09-21,743.6929931640625,776.6749877929688,784.4749755859375,768.5250244140625,776.5,72841442
2023-09-22,732.3462524414062,764.8250122070312,782.2000122070312,761.875,779.5,61704250
2023-09-25,732.9925537109375,765.5,770.3499755859375,762.5,762.5,40208754
2023-09-26,736.1763305664062,768.8250122070312,770.0,762.5,762.5,27575308
2023-09-27,731.005615234375,763.4249877929688,766.25,757.5,761.5,39338538
2023-09-28,729.49755859375,761.8499755859375,768.7999877929688,759.1749877929688,767.0,55354188
2023-09-29,730.7423706054688,763.1500244140625,767.7249755859375,761.1500244140625,761.8499755859375,32053782
2023-10-03,722.0048828125,754.0250244140625,763.5,753.0,763.5,38971694
2023-10-04,732.29833984375,764.7750244140625,767.5,744.625,747.5,54649430
2023-10-05,735.2667236328125,767.875,775.7750244140625,766.2999877929688,767.5250244140625,48512674
2023-10-06,734.452880859375,767.0250244140625,772.5,764.9249877929688,772.0,17759356
2023-10-09,725.9307861328125,758.125,765.0,756.0,764.0,16454972
2023-10-10,730.0481567382812,762.4249877929688,764.5,757.5999755859375,760.2750244140625,33266292
2023-10-11,737.1099243164062,769.7999877929688,771.0750122070312,764.25,765.0499877929688,31333360
2023-10-12,742.017333984375,774.9249877929688,776.0,765.7999877929688,768.0499877929688,22025336
2023-10-13,735.2667236328125,767.875,774.4000244140625,764.9749755859375,770.0,39745300
2023-10-16,732.3223266601562,764.7999877929688,767.2249755859375,760.25,765.75,17856084
2023-10-17,737.8759765625,770.5999755859375,777.875,767.5,777.875,32902558
2023-10-18,727.6065063476562,759.875,770.5999755859375,759.0499877929688,770.5999755859375,31216200
2023-10-19,725.308349609375,757.4749755859375,763.125,751.5999755859375,752.7000122070312,30252364
2023-10-20,729.066650390625,761.4000244140625,763.5,752.5,752.5,21094010
2023-10-23,721.04736328125,753.0250244140625,764.375,750.0499877929688,761.75,22376136
2023-10-25,716.4751586914062,748.25,761.4000244140625,745.7249755859375,760.5,28311996
2023-10-26,700.6279296875,731.7000122070312,746.0,730.125,745.625,55561798
2023-10-27,703.380859375,734.5750122070312,739.0,733.4500122070312,734.75,31940532
2023-10-30,711.0172119140625,742.5499877929688,744.9749755859375,730.9500122070312,731.625,23310982
2023-10-31,706.8997802734375,738.25,752.0,737.0,752.0,32634824
2023-11-01,705.9421997070312,737.25,738.7249755859375,731.125,731.125,33877466
2023-11-02,707.0194091796875,738.375,745.25,733.5750122070312,742.5,45225154
2023-11-03,710.370849609375,741.875,745.7000122070312,740.8250122070312,744.0,18095340
2023-11-06,715.5175170898438,747.25,749.0,741.5,749.0,25593730
2023-11-07,712.0465087890625,743.625,747.0,738.5999755859375,747.0,41952848
2023-11-08,714.105224609375,745.7750244140625,746.7249755859375,740.5,741.9749755859375,31399546
2023-11-09,711.280517578125,742.8250122070312,746.2999877929688,741.75,743.0,22116740
2023-11-10,714.0812377929688,745.75,748.0,740.0250244140625,740.0499877929688,14015186
2023-11-13,712.78857421875,744.4000244140625,747.9749755859375,742.9500122070312,746.0499877929688,20605914
2023-11-15,720.2573852539062,752.2000122070312,755.4749755859375,750.2750244140625,752.0499877929688,41245460
2023-11-16,722.1484985351562,754.1749877929688,759.5,751.875,754.8499755859375,29713838
2023-11-17,720.5924682617188,752.5499877929688,753.75,744.5,745.0,23701874
2023-11-20,720.6403198242188,752.5999755859375,756.5,750.7750244140625,756.5,19331452
2023-11-21,726.74462890625,758.9749755859375,761.0,756.0499877929688,759.5,24959972
2023-11-22,724.1593627929688,756.2750244140625,760.0,751.7750244140625,760.0,29123650
2023-11-23,728.3485107421875,760.6500244140625,761.9249877929688,754.25,754.25,13046220
2023-11-24,733.5192260742188,766.0499877929688,766.5750122070312,759.9249877929688,760.5999755859375,16469192
2023-11-28,731.8674926757812,764.3250122070312,768.625,762.9000244140625,767.5999755859375,28489338
2023-11-29,746.4699096679688,779.5750122070312,781.5,766.5,766.9500122070312,34042488
2023-11-30,746.3023071289062,779.4000244140625,786.2249755859375,771.0750122070312,784.5750122070312,69491440
2023-12-01,744.6744995117188,777.7000122070312,782.875,776.0499877929688,778.9500122070312,22153536
2023-12-04,770.5279541015625,804.7000122070312,806.0,786.8250122070312,794.0,50662456
2023-12-05,777.3742065429688,811.8499755859375,819.5,808.25,818.25,52230820
2023-12-06,779.3372802734375,813.9000244140625,819.2249755859375,808.3250122070312,819.2249755859375,38613060
2023-12-07,780.60595703125,815.2249755859375,817.0,808.0999755859375,812.5,20450386
2023-12-08,791.4979248046875,826.5999755859375,827.5,815.2249755859375,815.2249755859375,33728038
2023-12-11,790.4446411132812,825.5,831.8499755859375,823.5,825.0250244140625,23187620
2023-12-12,782.5927734375,817.2999877929688,828.125,815.9249877929688,827.0999755859375,36581476
2023-12-13,780.8214111328125,815.4500122070312,818.0,807.5499877929688,816.2249755859375,29346914
2023-12-14,790.0377197265625,825.0750122070312,829.4749755859375,822.5,823.0,35172366
2023-12-15,793.1018676757812,828.2750244140625,834.0,823.2999877929688,825.0,138837130
2023-12-18,792.69482421875,827.8499755859375,832.3499755859375,825.4749755859375,830.3499755859375,18014754
2023-12-19,791.3543090820312,826.4500122070312,829.3250122070312,822.0250244140625,825.0,24008446
2023-12-20,793.3171997070312,828.5,834.4749755859375,822.2249755859375,829.0,34232520
2023-12-21,807.5365600585938,843.3499755859375,844.875,825.125,828.5,36589240
2023-12-22,799.9481201171875,835.4249877929688,842.9500122070312,833.5499877929688,841.7999877929688,48578850
2023-12-26,805.5018920898438,841.2249755859375,842.9749755859375,834.2750244140625,836.625,18045856
2023-12-27,815.4841918945312,851.6500244140625,853.25,839.2999877929688,840.75,27009078
2023-12-28,816.417724609375,852.625,860.7000122070312,851.0,854.6500244140625,44076470
2023-12-29,818.3328247070312,854.625,857.4500122070312,848.0,848.5,25011426
2024-01-01,812.9945678710938,849.0499877929688,854.5750122070312,846.0,853.0,14239686
2024-01-02,813.4733276367188,849.5499877929688,851.4000244140625,844.3499755859375,849.4000244140625,29242092
2024-01-03,800.9296264648438,836.4500122070312,852.3499755859375,834.4749755859375,851.0,28389762
2024-01-04,809.5235595703125,845.4249877929688,847.4749755859375,835.3499755859375,839.0,26734056
2024-01-05,805.3822021484375,841.0999755859375,852.4500122070312,834.0499877929688,843.5750122070312,31889470
2024-01-08,796.4052734375,831.7249755859375,841.1749877929688,830.0,839.25,17998470
2024-01-09,790.2052001953125,825.25,838.9000244140625,823.375,833.5750122070312,25326888
2024-01-10,792.814453125,827.9749755859375,829.9749755859375,820.7000122070312,821.5,16115824
2024-01-11,789.4871215820312,824.5,831.4500122070312,821.5,830.0,18314010
2024-01-12,785.752685546875,820.5999755859375,828.0,816.7999877929688,826.0,19773552
2024-01-15,800.8817138671875,836.4000244140625,840.4500122070312,821.7999877929688,823.8499755859375,28320356
2024-01-16,803.9219360351562,839.5750122070312,841.8250122070312,829.0499877929688,836.5,25322500
2024-01-17,736.1045532226562,768.75,798.4000244140625,764.2000122070312,785.0,170145236
2024-01-18,711.5198974609375,743.0750122070312,757.5,740.0250244140625,747.0,161070930
2024-01-19,704.0989990234375,735.3250122070312,755.125,734.2000122070312,752.9749755859375,109600538
2024-01-23,683.3682861328125,713.6749877929688,737.3499755859375,712.5,732.5,115469402
2024-01-24,697.037109375,727.9500122070312,729.2249755859375,690.125,690.125,86004404
2024-01-25,686.9830932617188,717.4500122070312,728.6749877929688,709.7000122070312,726.25,98941852
2024-01-29,696.438720703125,727.3250122070312,731.4000244140625,722.9000244140625,724.0250244140625,65645498
2024-01-30,691.4834594726562,722.1500244140625,731.5999755859375,720.4500122070312,727.2750244140625,41728768
2024-01-31,700.2210083007812,731.2750244140625,737.4749755859375,718.4000244140625,719.75,65761040
2024-02-01,702.040283203125,733.1749877929688,736.7999877929688,728.0250244140625,732.5250244140625,32690740
2024-02-02,692.369140625,723.0750122070312,740.4249877929688,721.0250244140625,737.5,44867754
2024-02-05,691.7467651367188,722.4249877929688,725.9500122070312,717.0250244140625,723.0,38605046
2024-02-06,691.3876342773438,722.0499877929688,724.8499755859375,716.2999877929688,722.7750244140625,41075740
2024-02-07,684.6130981445312,714.9749755859375,726.9000244140625,713.3250122070312,726.5,54837086
2024-02-08,671.734375,701.5250244140625,719.4749755859375,700.25,714.9249877929688,69106124
2024-02-09,671.9976806640625,701.7999877929688,707.0999755859375,693.5,696.0750122070312,56642124
2024-02-12,665.4864501953125,695.0,706.8250122070312,691.6749877929688,699.8250122070312,34447812
2024-02-13,667.6168823242188,697.2249755859375,702.1749877929688,692.1749877929688,695.9749755859375,57580994
2024-02-14,662.6377563476562,692.0250244140625,695.75,681.7750244140625,688.0,91320810
2024-02-15,677.0007934570312,707.0250244140625,707.75,692.1749877929688,692.5,41584944
2024-02-16,679.8015747070312,709.9500122070312,713.8499755859375,704.2249755859375,711.9500122070312,32175742
2024-02-19,678.4609985351562,708.5499877929688,714.5,707.5999755859375,714.5,34451756
2024-02-20,696.2711791992188,727.1500244140625,728.625,705.9000244140625,707.5,56133508
2024-02-21,689.0177612304688,719.5750122070312,732.0,717.5,732.0,45893136
2024-02-22,679.634033203125,709.7750244140625,714.4000244140625,706.0999755859375,708.875,50560882
2024-02-23,680.13671875,710.2999877929688,716.9500122070312,709.0,711.2750244140625,29833452
2024-02-26,680.9506225585938,711.1500244140625,717.4249877929688,706.7750244140625,706.7750244140625,23506870
2024-02-27,679.9212646484375,710.0750122070312,713.3499755859375,706.5250244140625,706.7750244140625,32087150
2024-02-28,674.7744750976562,704.7000122070312,712.0999755859375,702.0,710.0750122070312,25321986
2024-02-29,671.9019165039062,701.7000122070312,705.2000122070312,698.6500244140625,701.0499877929688,53295700
2024-03-01,684.9961547851562,715.375,716.375,700.0,700.0,34738898
2024-03-04,685.9297485351562,716.3499755859375,718.5,712.1500244140625,715.4749755859375,35616474
2024-03-05,689.8316650390625,720.4249877929688,721.5,710.8250122070312,711.0,37991672
2024-03-06,690.6695556640625,721.2999877929688,726.4249877929688,716.7750244140625,716.7750244140625,42409530
2024-03-07,692.3452758789062,723.0499877929688,725.5250244140625,720.7000122070312,722.75,49348046
2024-03-11,683.5838012695312,713.9000244140625,722.9749755859375,711.5,715.0,50531094
2024-03-12,698.78466796875,729.7750244140625,732.0,714.625,717.0,65418454
2024-03-13,699.191650390625,730.2000122070312,735.7999877929688,725.0499877929688,732.75,63067454
2024-03-14,696.8216552734375,727.7249755859375,733.0,722.1500244140625,731.0499877929688,52432158
2024-03-15,695.481201171875,726.3250122070312,729.6500244140625,721.125,725.0,143613804
2024-03-18,692.3212890625,723.0250244140625,728.0,717.9000244140625,723.5,21437856
2024-03-19,693.9012451171875,724.6749877929688,726.2000122070312,717.75,717.75,36183594
2024-03-20,685.1398315429688,715.5250244140625,725.8250122070312,712.3250122070312,724.5250244140625,43606094
2024-03-21,692.1776123046875,722.875,725.625,719.1500244140625,721.2999877929688,28922860
2024-03-22,690.7891845703125,721.4249877929688,725.375,718.875,720.5,45980326
2024-03-26,682.4347534179688,712.7000122070312,718.9749755859375,711.0750122070312,713.5999755859375,56844290
2024-03-27,689.7598266601562,720.3499755859375,723.9749755859375,710.625,711.7750244140625,62168668
2024-03-28,693.20703125,723.9500122070312,730.25,720.3499755859375,720.3499755859375,55592142
2024-04-01,704.0271606445312,735.25,736.9000244140625,727.7999877929688,729.0,25199570
2024-04-02,708.6472778320312,740.0750122070312,747.4249877929688,731.625,732.5750122070312,41225446
2024-04-03,709.6766357421875,741.1500244140625,747.8250122070312,735.7000122070312,736.0499877929688,45584386
2024-04-04,731.36474609375,763.7999877929688,765.0,752.0,752.0,88935066
2024-04-05,741.8737182617188,774.7750244140625,777.25,765.0750122070312,769.5,59055902
2024-04-08,740.4613647460938,773.2999877929688,778.625,770.7750244140625,777.4749755859375,20482940
2024-04-09,741.3949584960938,774.2750244140625,777.4249877929688,770.1500244140625,777.4249877929688,21884494
2024-04-10,735.5540161132812,768.1749877929688,774.9500122070312,766.4749755859375,774.9500122070312,27807400
2024-04-12,727.223388671875,759.4749755859375,764.9249877929688,756.7249755859375,760.5,41084208
2024-04-15,715.61328125,747.3499755859375,755.0,746.0250244140625,748.7750244140625,23415248
2024-04-16,722.5794067382812,754.625,756.4500122070312,741.125,743.5,20744886
2024-04-18,715.61328125,747.3499755859375,759.4249877929688,745.5250244140625,754.9000244140625,34234884
2024-04-19,733.13623046875,765.6500244140625,767.4749755859375,740.125,743.2750244140625,34576434
2024-04-22,723.99169921875,756.0999755859375,778.7000122070312,754.1500244140625,778.7000122070312,42298438
2024-04-23,721.7894287109375,753.7999877929688,763.25,751.625,763.1500244140625,26827060
2024-04-24,723.7523193359375,755.8499755859375,760.875,754.5250244140625,757.5,22441580
2024-04-25,723.2975463867188,755.375,759.8499755859375,753.125,753.125,35445204
2024-04-26,722.8427124023438,754.9000244140625,764.0,752.7750244140625,759.9000244140625,24854694
2024-04-29,732.2744750976562,764.75,767.2249755859375,753.2750244140625,757.5,36093350
2024-04-30,727.7739868164062,760.0499877929688,769.75,757.4500122070312,764.5999755859375,52307382
2024-05-02,733.591064453125,766.125,768.5,760.1749877929688,761.0,33475006
2024-05-03,727.5346069335938,759.7999877929688,770.2999877929688,753.5999755859375,766.625,31865242
2024-05-06,728.994873046875,761.3250122070312,767.25,758.5750122070312,761.0,28793396
2024-05-07,721.09521484375,753.0750122070312,762.0250244140625,752.0750122070312,760.9749755859375,28480602
2024-05-08,709.8441772460938,741.3250122070312,748.4749755859375,740.1749877929688,747.9749755859375,41687862
2024-05-09,693.0155029296875,723.75,743.375,722.6500244140625,737.4749755859375,46281278
2024-05-10,697.820068359375,718.9500122070312,725.9749755859375,713.4000244140625,719.5,27276608
2024-05-13,706.2400512695312,727.625,729.9000244140625,715.1500244140625,716.0,27047202
2024-05-14,709.0062866210938,730.4749755859375,732.75,725.1500244140625,726.125,25665142
2024-05-15,698.1111450195312,719.25,729.8499755859375,717.9000244140625,729.8499755859375,38931996
2024-05-16,708.6665649414062,730.125,731.2750244140625,717.75,723.0250244140625,34945236
2024-05-17,710.5350341796875,732.0499877929688,734.0,723.0999755859375,723.0999755859375,20920190
2024-05-21,707.9629516601562,729.4000244140625,734.8499755859375,725.0499877929688,725.0499877929688,43769978
2024-05-22,708.1570434570312,729.5999755859375,732.7999877929688,724.0750122070312,728.9249877929688,39996278
2024-05-23,724.3662109375,746.2999877929688,747.8250122070312,728.5250244140625,729.3250122070312,40861920
2024-05-24,736.3046875,758.5999755859375,759.9500122070312,743.0,743.75,31060206
2024-05-27,741.4004516601562,763.8499755859375,772.5,759.5250244140625,761.6749877929688,29385440
2024-05-28,742.75927734375,765.25,768.0250244140625,762.4000244140625,765.0499877929688,27908904
2024-05-29,731.9855346679688,754.1500244140625,761.9249877929688,750.625,759.0,35147706
2024-05-30,735.1642456054688,757.4249877929688,761.7999877929688,748.8250122070312,749.5999755859375,33755350
2024-05-31,743.268798828125,765.7750244140625,768.0,757.0,759.5,74079588
2024-06-03,762.9965209960938,786.0999755859375,799.5,775.0,799.5,72637256
2024-06-04,719.780029296875,741.5750122070312,779.5,727.0,778.5,89531240
2024-06-05,753.0962524414062,775.9000244140625,779.7999877929688,741.1749877929688,747.0250244140625,81631650
2024-06-06,756.9301147460938,779.8499755859375,782.7249755859375,773.2999877929688,782.4500122070312,46422870
2024-06-07,763.5545654296875,786.6749877929688,792.1749877929688,776.0250244140625,780.5250244140625,36712216
2024-06-10,757.7066650390625,780.6500244140625,790.3250122070312,778.7999877929688,787.0,22454058
2024-06-11,759.4052734375,782.4000244140625,785.5,776.0999755859375,778.0,29545326
2024-06-12,763.9428100585938,787.0750122070312,794.1500244140625,783.2000122070312,787.5,39280436
2024-06-13,767.1458740234375,790.375,792.8499755859375,787.0,790.875,24120192
2024-06-14,774.9834594726562,798.4500122070312,799.5,788.8499755859375,792.0,25540554
2024-06-18,780.2733764648438,803.9000244140625,805.25,794.7249755859375,798.4500122070312,32415714
2024-06-19,804.5628662109375,828.9249877929688,834.9500122070312,802.0,806.7000122070312,90131196
2024-06-20,810.143798828125,834.6749877929688,840.7249755859375,826.0,834.9000244140625,41408742
2024-06-21,808.396728515625,832.875,836.4249877929688,821.5750122070312,836.4249877929688,51630776
2024-06-24,811.6240234375,836.2000122070312,837.5499877929688,822.875,823.5,28544994
2024-06-25,830.5266723632812,855.6749877929688,858.4749755859375,835.5499877929688,835.5499877929688,74521548
2024-06-26,825.7463989257812,850.75,855.4500122070312,845.5499877929688,853.9749755859375,47596666
2024-06-27,823.1500244140625,848.0750122070312,856.5,843.2999877929688,848.0499877929688,55074650
2024-06-28,817.156494140625,841.9000244140625,853.2999877929688,839.5,848.7999877929688,26476046
2024-07-01,827.5420532226562,852.5999755859375,853.6500244140625,840.0,840.0,21187024
2024-07-02,839.8687744140625,865.2999877929688,867.4500122070312,851.375,857.5,45921690
2024-07-03,858.334716796875,884.3250122070312,897.0,882.3250122070312,895.5,123217802
2024-07-04,838.1945190429688,863.5750122070312,879.875,862.4249877929688,879.875,45848658
2024-07-05,799.8311157226562,824.0499877929688,842.5,821.0999755859375,842.5,82242548
2024-07-08,793.6434936523438,817.6749877929688,827.4749755859375,813.5750122070312,822.6500244140625,39087800
2024-07-09,794.2015380859375,818.25,823.3499755859375,810.1749877929688,812.5,48550878
2024-07-10,789.1544189453125,813.0499877929688,820.0,810.375,814.9749755859375,45507182
2024-07-11,787.1161499023438,810.9500122070312,812.9249877929688,800.5,811.9749755859375,44177074
2024-07-12,787.5043334960938,811.3499755859375,819.2000122070312,805.5750122070312,811.0,56049960
2024-07-15,787.2131958007812,811.0499877929688,814.9000244140625,807.5999755859375,811.75,33375694
2024-07-16,786.07275390625,809.875,813.5,808.4000244140625,810.375,28950324
2024-07-18,783.6704711914062,807.4000244140625,811.9749755859375,799.5750122070312,804.0,33717064
2024-07-19,780.03076171875,803.6500244140625,811.5,801.75,808.0,26002152
2024-07-22,797.1376953125,821.2750244140625,825.5,806.3250122070312,808.5,53744822
2024-07-23,785.4176025390625,809.2000122070312,823.9000244140625,802.5,823.7750244140625,52002152
2024-07-24,778.4534912109375,802.0250244140625,810.5,794.0250244140625,804.0750122070312,61728206
2024-07-25,784.5440673828125,808.2999877929688,812.5,796.5,796.5,25535732
2024-07-26,785.2962646484375,809.0750122070312,810.875,798.2249755859375,802.5,43810540
2024-07-29,778.9387817382812,802.5250244140625,815.9249877929688,799.1500244140625,807.5,51001148
2024-07-30,784.0344848632812,807.7750244140625,817.375,799.5,801.0,54595834
2024-07-31,784.1314697265625,807.875,813.9500122070312,804.5999755859375,807.0,37820484
2024-08-01,795.3178100585938,819.4000244140625,825.0250244140625,808.9749755859375,811.4500122070312,26215174
2024-08-02,805.1937255859375,829.5750122070312,835.25,815.5,815.5,44119238
2024-08-05,784.1314697265625,807.875,823.0,800.5,820.0499877929688,41333634
2024-08-06,777.0703125,800.5999755859375,816.4749755859375,796.6500244140625,815.0,45116050
2024-08-07,787.892578125,811.75,815.0,801.0999755859375,808.5,42346264
2024-08-08,797.21044921875,821.3499755859375,826.6500244140625,809.625,812.0,33976950
2024-08-09,800.8502197265625,825.0999755859375,831.2750244140625,822.9000244140625,826.0,26644618
2024-08-12,805.65478515625,830.0499877929688,837.9749755859375,823.6749877929688,826.0,39316196
2024-08-13,778.0408935546875,801.5999755859375,816.2000122070312,800.5750122070312,814.0,54055042
2024-08-14,780.2733764648438,803.9000244140625,806.8499755859375,801.5999755859375,803.25,32334428
2024-08-16,792.0662841796875,816.0499877929688,817.0750122070312,805.5,814.25,27849246
2024-08-19,791.79931640625,815.7750244140625,818.8250122070312,811.8499755859375,818.8250122070312,19502164
2024-08-20,794.7839965820312,818.8499755859375,823.0,813.7249755859375,813.7249755859375,31134494
2024-08-21,789.0089111328125,812.9000244140625,817.2750244140625,808.9000244140625,814.0499877929688,47630904
2024-08-22,791.6780395507812,815.6500244140625,819.1500244140625,814.0,816.0,21300638
2024-08-23,788.6448364257812,812.5250244140625,817.0,811.5,817.0,20333422
2024-08-26,795.8759155273438,819.9749755859375,823.9749755859375,816.0999755859375,816.0999755859375,22364266
2024-08-27,794.8082275390625,818.875,823.7000122070312,816.0999755859375,821.7000122070312,35773244
2024-08-28,794.4927978515625,818.5499877929688,819.875,815.0999755859375,818.875,26921188
2024-08-29,795.1964721679688,819.2750244140625,822.2000122070312,815.5750122070312,821.0,49052604
2024-08-30,794.395751953125,818.4500122070312,831.0,810.5750122070312,828.0,445342100
2024-09-02,789.5668334960938,813.4749755859375,823.4000244140625,811.5999755859375,823.4000244140625,34049680
2024-09-03,794.6141357421875,818.6749877929688,819.9749755859375,812.2999877929688,817.0,37282860
2024-09-04,796.773681640625,820.9000244140625,822.4000244140625,816.0,819.5,24682744
2024-09-05,798.5450439453125,822.7249755859375,824.9500122070312,821.0,823.0,22876318
2024-09-06,794.419921875,818.4749755859375,823.875,817.0499877929688,819.1500244140625,26029602
2024-09-09,799.0546264648438,823.25,824.25,815.0499877929688,819.0,23792914
2024-09-10,800.9230346679688,825.1749877929688,827.0,819.0,827.0,26606646
2024-09-11,797.7928466796875,821.9500122070312,826.25,819.5999755859375,825.2000122070312,22226684
2024-09-12,808.8092651367188,833.2999877929688,835.0,823.5250244140625,827.0,32424046
2024-09-13,808.4938354492188,832.9749755859375,837.0,828.5250244140625,837.0,23860532
2024-09-16,810.9202880859375,835.4749755859375,838.9000244140625,832.0250244140625,833.5,15172820
2024-09-17,809.876953125,834.4000244140625,839.0,832.0750122070312,839.0,20127122
2024-09-18,822.494873046875,847.4000244140625,849.4500122070312,835.5499877929688,835.9249877929688,40917342
2024-09-19,829.1435546875,854.25,859.5,849.5750122070312,849.5999755859375,30651776
2024-09-20,845.0130004882812,870.5999755859375,872.4749755859375,853.7750244140625,858.25,60623386
2024-09-23,854.0397338867188,879.9000244140625,883.1749877929688,870.125,874.5,26965350
2024-09-24,858.04345703125,884.0250244140625,890.8250122070312,877.125,882.5,33039036
2024-09-25,863.406005859375,889.5499877929688,894.0,880.0750122070312,880.0750122070312,31965312
2024-09-26,865.5171508789062,891.7249755859375,894.0,884.0250244140625,886.5250244140625,31899644
2024-09-27,850.5697631835938,876.3250122070312,889.0999755859375,875.0,888.5,35613502
2024-09-30,840.572509765625,866.0250244140625,875.7249755859375,862.2000122070312,874.4000244140625,26383534
2024-10-01,837.7333984375,863.0999755859375,871.0,860.0499877929688,862.0,24572284
2024-10-03,816.282958984375,841.0,863.0750122070312,836.6749877929688,857.8250122070312,48473398
2024-10-04,804.4658203125,828.8250122070312,845.3250122070312,826.5,837.25,48683232
2024-10-07,785.1264038085938,808.9000244140625,829.5,806.5,826.0999755859375,94458296
2024-10-08,801.2628173828125,825.5250244140625,828.4000244140625,811.0,815.0,29734406
2024-10-09,792.5758056640625,816.5750122070312,828.375,814.3499755859375,824.75,41125642
2024-10-10,806.7709350585938,831.2000122070312,832.7249755859375,816.25,819.5,21754766
2024-10-11,801.238525390625,825.5,832.2249755859375,821.625,832.2249755859375,23672594
2024-10-14,819.2433471679688,844.0499877929688,846.0250244140625,827.0,828.0250244140625,18527508
2024-10-15,817.3021240234375,842.0499877929688,849.0,837.75,847.0,19651130
2024-10-16,824.9214477539062,849.9000244140625,853.9749755859375,840.0499877929688,840.0499877929688,20470682
2024-10-17,811.988037109375,836.5750122070312,848.8250122070312,832.5999755859375,847.4749755859375,14695732
2024-10-18,816.210205078125,840.9249877929688,845.5,827.0499877929688,831.5499877929688,24809724
2024-10-21,838.9466552734375,864.3499755859375,874.0750122070312,855.5250244140625,857.5,46548354
2024-10-22,832.0796508789062,857.2750244140625,870.0,855.3499755859375,865.0250244140625,38875280
2024-10-23,842.3924560546875,867.9000244140625,873.25,852.5250244140625,852.5250244140625,38036090
2024-10-24,849.1138305664062,874.8250122070312,884.3250122070312,869.0499877929688,869.0499877929688,30832258
2024-10-25,846.0806884765625,871.7000122070312,878.9249877929688,864.3499755859375,877.5,26130478
2024-10-28,841.6158447265625,867.0999755859375,875.5,864.4500122070312,871.0,22012142
2024-10-29,850.1815185546875,875.9249877929688,882.0,862.5499877929688,863.0750122070312,35794926
2024-10-30,841.8099365234375,867.2999877929688,877.375,862.0999755859375,871.0,32715724
2024-10-31,842.3438720703125,867.8499755859375,869.4500122070312,859.7000122070312,864.0,22895912
2024-11-01,843.1203002929688,868.6500244140625,872.0499877929688,863.0499877929688,866.5,1759692
2024-11-04,831.8612060546875,857.0499877929688,872.5,855.4500122070312,872.5,28089248
2024-11-05,853.0933227539062,878.9249877929688,881.3499755859375,848.9500122070312,851.5,44232406
2024-11-06,851.83154296875,877.625,885.75,872.6749877929688,885.75,27787910
2024-11-07,847.6094360351562,873.2750244140625,880.4749755859375,869.0,872.1500244140625,18895456
2024-11-08,851.4432373046875,877.2249755859375,880.9000244140625,872.9249877929688,876.0,19902986
2024-11-11,857.1942138671875,883.1500244140625,891.4000244140625,875.5999755859375,877.2750244140625,24565362
2024-11-12,833.8510131835938,859.0999755859375,887.5,854.3250122070312,886.0,31395406
2024-11-13,815.9674682617188,840.6749877929688,864.7000122070312,836.5,858.375,35728500
2024-11-14,821.5,846.375,852.4249877929688,836.0499877929688,836.5499877929688,27146470
2024-11-18,827.4934692382812,852.5499877929688,859.4500122070312,847.5,850.0,27081968
2024-11-19,845.5225830078125,871.125,876.875,851.3499755859375,857.0,50981272
2024-11-21,845.0130004882812,870.5999755859375,879.5,867.0999755859375,874.7000122070312,35716512
2024-11-22,847.1483154296875,872.7999877929688,877.1500244140625,864.7750244140625,871.7750244140625,24773612
2024-11-25,866.560546875,892.7999877929688,901.7750244140625,882.4500122070312,892.5250244140625,427737274
2024-11-26,866.5363159179688,892.7750244140625,905.0,884.9000244140625,905.0,30935566
2024-11-27,879.5181884765625,906.1500244140625,908.6749877929688,892.5750122070312,894.9500122070312,32714976
2024-11-28,870.224609375,896.5750122070312,918.0499877929688,894.0,909.5,35722392
2024-11-29,871.6320190429688,898.0250244140625,902.2999877929688,891.4500122070312,900.6500244140625,27669536
2024-12-02,875.8298950195312,902.3499755859375,904.0750122070312,887.5,901.75,15110876
2024-12-03,886.3124389648438,913.1500244140625,918.7000122070312,908.0499877929688,911.3499755859375,43410242
2024-12-04,902.7157592773438,930.0499877929688,932.5,915.5750122070312,919.0,44669084
2024-12-05,905.457763671875,932.875,939.9749755859375,917.5999755859375,930.0,39682714
2024-12-06,900.6531982421875,927.9249877929688,932.0999755859375,922.0,928.5,17783156
2024-12-09,907.5203247070312,935.0,940.0,924.5,926.8250122070312,26947912
2024-12-10,906.5982055664062,934.0499877929688,938.8499755859375,929.2750244140625,938.8499755859375,13325480
2024-12-11,904.1716918945312,931.5499877929688,935.9500122070312,928.375,930.8499755859375,14045426
2024-12-12,902.3032836914062,929.625,934.3250122070312,924.3499755859375,925.5,17293790
2024-12-13,908.3695678710938,935.875,937.5,914.625,931.25,19009002
2024-12-16,905.1907958984375,932.5999755859375,934.9749755859375,927.625,932.5499877929688,13107082
2024-12-17,889.6853637695312,916.625,931.1749877929688,913.25,928.1749877929688,21079532
2024-12-18,878.7417602539062,905.3499755859375,918.0,903.5750122070312,914.9249877929688,23422312
2024-12-19,870.3944702148438,896.75,900.5499877929688,889.5,899.7999877929688,25380770
2024-12-20,859.7177734375,885.75,898.7750244140625,883.5250244140625,891.0999755859375,25692348
2024-12-23,874.0342407226562,900.5,903.0,890.6500244140625,891.0,11044592
2024-12-24,872.6268920898438,899.0499877929688,904.3499755859375,894.7750244140625,901.0250244140625,14485834
2024-12-26,869.0598754882812,895.375,906.0,890.375,899.2750244140625,10481678
2024-12-27,872.69970703125,899.125,902.9749755859375,894.5499877929688,897.4000244140625,7259330
2024-12-30,862.82373046875,888.9500122070312,907.5,885.5,896.0999755859375,22222218
2024-12-31,860.3728637695312,886.4249877929688,890.9000244140625,882.7999877929688,885.1500244140625,14117236
2025-01-01,865.1774291992188,891.375,897.0,880.5499877929688,886.7249755859375,7313806
2025-01-02,870.5158081054688,896.875,901.7249755859375,886.5,888.5499877929688,18558576
2025-01-03,848.8953857421875,874.5999755859375,897.625,873.1500244140625,895.5,24426194
2025-01-06,830.1141357421875,855.25,878.5999755859375,852.9000244140625,870.0499877929688,18816348
2025-01-07,831.521484375,856.7000122070312,860.5,850.0,857.5,13527906
2025-01-08,822.2522583007812,847.1500244140625,855.8250122070312,841.6749877929688,854.125,19738190
2025-01-09,809.3916625976562,833.9000244140625,844.5,829.0499877929688,842.0750122070312,40420222
2025-01-10,804.0289916992188,828.375,837.4500122070312,827.0,835.5,17453280
2025-01-13,791.4596557617188,815.4249877929688,823.375,812.1500244140625,820.0,21669066
2025-01-14,799.1031494140625,823.2999877929688,828.0999755859375,818.5,819.9500122070312,26661432
2025-01-15,797.38037109375,821.5250244140625,831.3499755859375,818.1500244140625,828.25,14022892
2025-01-16,801.7481689453125,826.0250244140625,830.2750244140625,821.4249877929688,826.4249877929688,21212454
2025-01-17,794.3229370117188,818.375,825.25,814.25,821.75,23112076
2025-01-20,801.35986328125,825.625,830.4749755859375,813.0,813.0,17557618
2025-01-21,797.06494140625,821.2000122070312,830.5250244140625,816.5250244140625,829.125,31158144
2025-01-22,808.5423583984375,833.0250244140625,835.9500122070312,812.7249755859375,821.2000122070312,30619306
2025-01-23,807.9843139648438,832.4500122070312,843.5,825.625,843.5,34909158
2025-01-24,800.6561889648438,824.9000244140625,835.1500244140625,822.25,830.0,24236200
2025-01-27,790.9500732421875,814.9000244140625,821.7999877929688,813.0,820.5499877929688,22804166
2025-01-28,810.6534423828125,835.2000122070312,842.1500244140625,823.5,823.5,30179312
2025-01-29,814.0020141601562,838.6500244140625,840.5750122070312,834.4249877929688,837.5,12619890
2025-01-30,820.8933715820312,845.75,848.9500122070312,836.2750244140625,840.5,25744846
2025-01-31,824.4118041992188,849.375,852.3499755859375,841.9749755859375,843.625,15821686
2025-02-01,820.62646484375,845.4749755859375,856.5,838.0250244140625,848.75,5587528
2025-02-03,814.3417358398438,839.0,843.4000244140625,831.7249755859375,835.0,20276540
2025-02-04,835.161376953125,860.4500122070312,862.9000244140625,840.0250244140625,844.3499755859375,28616502
2025-02-05,843.363037109375,868.9000244140625,872.0999755859375,859.4500122070312,866.5,23675506
2025-02-06,846.299072265625,871.9249877929688,874.5,862.0,867.75,26760716
2025-02-07,840.9122314453125,866.375,883.5,862.5,875.0,23509600
2025-02-10,832.6619262695312,857.875,861.7249755859375,854.25,858.6500244140625,17195950
2025-02-11,825.6978759765625,850.7000122070312,855.5,844.3499755859375,851.5,22724704
2025-02-12,828.3184814453125,853.4000244140625,856.0,840.5999755859375,846.5,22809570
2025-02-13,823.9022216796875,848.8499755859375,857.125,846.7750244140625,849.5,12602434
2025-02-14,822.5191040039062,847.4249877929688,850.9500122070312,840.0,850.9500122070312,19959892
2025-02-17,833.4384765625,858.6749877929688,860.0,840.625,842.5999755859375,12938946
2025-02-18,836.2047119140625,861.5250244140625,865.7750244140625,853.0750122070312,856.5250244140625,16350910
2025-02-19,838.21875,863.5999755859375,868.9500122070312,856.2249755859375,858.5,11884112
2025-02-20,818.7579956054688,843.5499877929688,857.3499755859375,842.6500244140625,855.5,26390510
2025-02-21,821.378662109375,846.25,847.4749755859375,838.625,840.4500122070312,15680940
2025-02-24,813.9049072265625,838.5499877929688,842.0999755859375,830.5499877929688,840.5499877929688,20693646
2025-02-25,816.4528198242188,841.1749877929688,844.0,835.5499877929688,835.5499877929688,24138708
2025-02-27,825.3582153320312,850.3499755859375,855.375,841.2750244140625,841.2750244140625,35786800
2025-02-28,840.7423706054688,866.2000122070312,868.625,842.5,842.5,54516728
2025-03-03,825.7706909179688,850.7750244140625,871.5250244140625,847.0499877929688,869.9000244140625,21205364
2025-03-04,829.8715209960938,855.0,857.1500244140625,846.625,849.0,19920958
2025-03-05,820.1654052734375,845.0,855.4000244140625,844.125,850.9749755859375,21583872
2025-03-06,820.7477416992188,845.5999755859375,849.9500122070312,836.125,843.5,32966088
2025-03-07,819.8013916015625,844.625,850.5750122070312,838.7999877929688,841.0,13372914
2025-03-10,818.9521484375,843.75,849.9500122070312,841.5250244140625,844.5,15604050
2025-03-11,817.9815673828125,842.75,847.0,835.0250244140625,841.2000122070312,19898430
2025-03-12,830.4295654296875,855.5750122070312,859.25,845.7750244140625,845.7750244140625,18784106
2025-03-13,828.2214965820312,853.2999877929688,860.4000244140625,850.0250244140625,858.0250244140625,15736264
2025-03-17,830.0656127929688,855.2000122070312,862.0,852.5,852.5,18950652
2025-03-18,830.0656127929688,855.2000122070312,855.2000122070312,855.2000122070312,855.2000122070312,0
2025-03-19,846.42041015625,872.0499877929688,875.5,866.0999755859375,867.5,15221406
2025-03-20,858.3831787109375,884.375,887.0,874.6500244140625,877.0,17833978
2025-03-21,859.15966796875,885.1749877929688,887.0499877929688,877.7750244140625,877.7750244140625,33508264
2025-03-24,873.5489501953125,900.0,902.2000122070312,886.8250122070312,889.5,17393736
2025-03-25,883.958740234375,910.7249755859375,921.8499755859375,900.75,902.4500122070312,39101416
2025-03-26,876.7277221679688,903.2750244140625,913.75,901.0,912.5,24478442
2025-03-27,885.8514404296875,912.6749877929688,920.5,899.0499877929688,900.0,41658100
2025-03-28,887.2345581054688,914.0999755859375,918.0,902.9249877929688,914.5,28773648
2025-04-01,857.9464111328125,883.9249877929688,904.9500122070312,882.6749877929688,901.0,28511006
2025-04-02,872.0444946289062,898.4500122070312,899.5999755859375,885.3499755859375,885.3499755859375,11573564
2025-04-03,871.0496215820312,897.4249877929688,902.0,888.5,890.5499877929688,11250038
2025-04-04,881.9447631835938,908.6500244140625,920.9749755859375,905.5499877929688,906.5,33540454
2025-04-07,853.0205078125,878.8499755859375,889.9249877929688,869.0999755859375,881.4000244140625,37995450
2025-04-08,858.5773315429688,884.5750122070312,891.0,875.1500244140625,882.5,35563872
2025-04-09,856.5632934570312,882.5,887.5,876.75,882.5,22454608
2025-04-11,876.8247680664062,903.375,909.7000122070312,887.375,887.375,32775766
2025-04-15,905.0452270507812,932.4500122070312,938.4000244140625,927.5,932.5,49298344
2025-04-16,911.4027099609375,939.0,941.9000244140625,930.25,941.9000244140625,19136820
2025-04-17,925.3309326171875,953.3499755859375,959.8499755859375,938.3499755859375,941.0,35703084
2025-04-21,935.231201171875,963.5499877929688,975.3499755859375,955.0,962.0,34247298
2025-04-22,952.0227661132812,980.8499755859375,985.2999877929688,967.5,967.5,45961750
2025-04-23,933.6782836914062,961.9500122070312,989.4500122070312,960.25,989.4500122070312,30570642
2025-04-24,930.2326049804688,958.4000244140625,961.9500122070312,952.5499877929688,955.0,25931754
2025-04-25,927.5148315429688,955.5999755859375,966.5,945.9000244140625,962.4000244140625,18500878
2025-04-28,931.882568359375,960.0999755859375,964.8499755859375,954.2000122070312,955.5999755859375,13920492
2025-04-29,926.3502197265625,954.4000244140625,964.4000244140625,950.0999755859375,959.4000244140625,18918308
2025-04-30,934.2120361328125,962.5,968.4500122070312,955.1500244140625,956.5,31936870
2025-05-02,932.7076416015625,960.9500122070312,970.9500122070312,960.0,964.9000244140625,17840404
2025-05-05,939.9386596679688,968.4000244140625,976.0,966.1500244140625,969.5,15068024
2025-05-06,937.4635620117188,965.8499755859375,970.0499877929688,962.1500244140625,965.0,17490156
2025-05-07,944.2092895507812,972.7999877929688,974.3499755859375,961.2000122070312,967.0,21420778
2025-05-08,935.91064453125,964.25,977.4000244140625,959.5499877929688,977.4000244140625,34803430
2025-05-09,917.0807495117188,944.8499755859375,959.5,943.4000244140625,955.0499877929688,17188796
2025-05-12,949.8388671875,978.5999755859375,979.9500122070312,956.1500244140625,958.7999877929688,18618972
2025-05-13,933.04736328125,961.2999877929688,980.8499755859375,960.0,975.0,24242102
2025-05-14,927.2236938476562,955.2999877929688,965.0999755859375,951.5,961.0499877929688,15445308
2025-05-15,938.4827880859375,966.9000244140625,972.4000244140625,948.5,956.75,32241458
2025-05-16,938.9195556640625,967.3499755859375,971.9000244140625,964.2000122070312,966.9000244140625,15868010
2025-05-19,940.8607177734375,969.3499755859375,972.5,965.5,968.5,10202964
2025-05-20,929.3104858398438,957.4500122070312,967.2999877929688,956.5,964.0499877929688,23879090
2025-05-21,935.0856323242188,963.4000244140625,973.4500122070312,960.5499877929688,963.5,15132040
2025-05-22,931.737060546875,959.9500122070312,962.0999755859375,952.5999755859375,957.5999755859375,21306670
2025-05-23,938.3856201171875,966.7999877929688,968.5,957.25,960.0499877929688,9566072
2025-05-26,941.5886840820312,970.0999755859375,974.9500122070312,963.4500122070312,967.5,10802860
2025-05-27,934.843017578125,963.1500244140625,974.0,958.1500244140625,965.7999877929688,26162148
2025-05-28,933.484130859375,961.75,967.25,958.8499755859375,960.0999755859375,18157594
2025-05-29,935.42529296875,963.75,970.4000244140625,953.6500244140625,964.0,28917794
2025-05-30,943.8696899414062,972.4500122070312,974.4000244140625,962.7000122070312,965.9500122070312,28748078
2025-06-02,937.65771484375,966.0499877929688,968.0,954.0,965.0499877929688,14668822
2025-06-03,934.0179443359375,962.2999877929688,976.0,960.0,969.0,24377584
2025-06-04,942.0740356445312,970.5999755859375,971.6500244140625,960.4500122070312,960.5,12961542
2025-06-05,946.1505737304688,974.7999877929688,979.4500122070312,970.0999755859375,974.0,22255418
2025-06-06,960.2728881835938,989.3499755859375,998.1500244140625,971.3499755859375,972.0,30127008
2025-06-09,960.3699951171875,989.4500122070312,997.5,987.9500122070312,997.5,13202588
2025-06-10,953.7698974609375,982.6500244140625,991.4000244140625,980.5499877929688,991.4000244140625,15533126
2025-06-11,946.5388793945312,975.2000122070312,983.7999877929688,973.5,983.7999877929688,11096394
2025-06-12,943.1416625976562,971.7000122070312,980.5,967.6500244140625,975.0,16349130
2025-06-13,930.6207885742188,958.7999877929688,966.5,956.5,960.0,12117762
2025-06-16,939.2592163085938,967.7000122070312,969.4500122070312,960.0499877929688,962.0,16513746
2025-06-17,936.4444580078125,964.7999877929688,970.7999877929688,959.5499877929688,968.5,16978736
2025-06-18,938.5313110351562,966.9500122070312,968.1500244140625,958.5,958.5,18433816
2025-06-19,939.2107543945312,967.6500244140625,973.4000244140625,962.7999877929688,966.9500122070312,16876220
2025-06-20,953.4786376953125,982.3499755859375,984.9500122070312,965.7999877929688,965.7999877929688,32900408
2025-06-23,945.5681762695312,974.2000122070312,978.9500122070312,970.9000244140625,974.2000122070312,11739518
2025-06-24,951.634521484375,980.4500122070312,989.5,977.7999877929688,982.5,22625322
2025-06-25,961.0009155273438,990.0999755859375,991.0,981.9500122070312,983.0,18405932
2025-06-26,981.1896362304688,1010.9000244140625,1013.5499877929688,990.0,990.7000122070312,50084830
2025-06-27,988.5982666015625,1007.4500122070312,1009.9000244140625,996.7000122070312,1006.5,28213384
2025-06-30,982.023681640625,1000.75,1006.9000244140625,997.75,1005.75,13649020
2025-07-01,987.2244873046875,1006.0499877929688,1008.0,1002.0,1002.5,14389386
2025-07-02,974.418701171875,993.0,1009.9500122070312,988.9500122070312,1009.9500122070312,18878250
2025-07-03,974.9583740234375,993.5499877929688,1004.0,992.1500244140625,997.4500122070312,16860506
2025-07-04,976.037841796875,994.6500244140625,1001.75,990.0,993.5499877929688,7863944
2025-07-07,975.1055908203125,993.7000122070312,999.2000122070312,991.9000244140625,994.5,11349426
2025-07-08,981.974609375,1000.7000122070312,1002.5,988.5,988.5,15224316
2025-07-09,986.7828369140625,1005.5999755859375,1006.9000244140625,999.0499877929688,1003.5,13861428
2025-07-10,984.3296508789062,1003.0999755859375,1008.5,1000.0,1008.0,17030310
2025-07-11,973.2902221679688,991.8499755859375,1002.4000244140625,990.4500122070312,999.0,12516922
2025-07-14,972.94677734375,991.5,994.3499755859375,985.2999877929688,991.5,13088850
2025-07-15,979.079833984375,997.75,1001.7999877929688,986.5,986.5,14498168
2025-07-16,979.4722900390625,998.1500244140625,1011.3499755859375,996.2999877929688,1009.0,17994612
2025-07-17,974.8602294921875,993.4500122070312,1002.4000244140625,991.3499755859375,1002.0,22529158
2025-07-18,960.38623046875,978.7000122070312,998.5,976.5,993.4500122070312,16129446
2025-07-21,981.5330200195312,1000.25,1001.0,988.25,989.0999755859375,22309078
2025-07-22,984.771240234375,1003.5499877929688,1009.0,1001.5,1006.5499877929688,14836814
2025-07-23,993.2103881835938,1012.1500244140625,1014.9000244140625,1001.5,1005.5,13634916
2025-07-24,988.2548217773438,1007.0999755859375,1018.8499755859375,1004.2000122070312,1018.8499755859375,19107176
2025-07-25,985.9922485351562,1002.2999877929688,1007.5,999.5,1007.5,9306598
2025-07-28,987.9105224609375,1004.25,1010.7000122070312,1000.25,1001.5,12059580
2025-07-29,994.3539428710938,1010.7999877929688,1013.25,998.1500244140625,999.9500122070312,19895696
2025-07-30,996.4197998046875,1012.9000244140625,1016.2999877929688,1008.5,1014.0,15154036
2025-07-31,992.6815795898438,1009.0999755859375,1015.7000122070312,1004.0,1007.2999877929688,22183032
2025-08-01,989.7304077148438,1006.0999755859375,1014.1500244140625,1004.6500244140625,1007.0,11317258
2025-08-04,979.7947387695312,996.0,1009.25,994.0499877929688,1005.0499877929688,13933946
2025-08-05,972.7118530273438,988.7999877929688,997.2000122070312,982.75,993.25,23978058
2025-08-06,976.499267578125,992.6500244140625,994.0,985.0,985.5499877929688,14080204
2025-08-07,981.4671020507812,997.7000122070312,1000.7999877929688,988.4000244140625,990.0499877929688,13081186
2025-08-08,970.8920288085938,986.9500122070312,996.4000244140625,985.0,993.5499877929688,13895264
2025-08-11,981.5654296875,997.7999877929688,998.7999877929688,986.5499877929688,987.9500122070312,9105854
2025-08-12,968.924560546875,984.9500122070312,998.0,983.75,995.9500122070312,12937802
2025-08-13,974.0399169921875,990.1500244140625,997.0,984.5499877929688,997.0,13577396
2025-08-14,979.35205078125,995.5499877929688,998.0,985.5999755859375,989.0,17511716
2025-08-18,985.5003662109375,1001.7999877929688,1013.2999877929688,997.7999877929688,1005.0,19284796
2025-08-19,979.35205078125,995.5499877929688,1003.0499877929688,993.3499755859375,999.1500244140625,12352438
2025-08-20,977.9256591796875,994.0999755859375,996.0,989.5,993.5,9950228
2025-08-21,979.4012451171875,995.5999755859375,998.75,991.5999755859375,998.75,12439850
2025-08-22,966.317626953125,982.2999877929688,998.0,978.5499877929688,994.9500122070312,19833502
2025-08-25,966.0717163085938,982.0499877929688,988.7000122070312,978.5,980.0999755859375,17518044
2025-08-26,957.5625,973.4000244140625,985.7000122070312,968.0,979.5,16917731
2025-08-28,942.2162475585938,957.7999877929688,972.2000122070312,955.0,967.0,25438255
2025-08-29,936.1171264648438,951.5999755859375,963.2999877929688,950.0999755859375,954.0,14823813
2025-09-01,935.1333618164062,950.5999755859375,957.4500122070312,946.3499755859375,949.5999755859375,20178344
2025-09-02,929.1326904296875,944.5,954.7999877929688,944.0,951.0,14196320
2025-09-03,938.9207763671875,954.4500122070312,956.2999877929688,940.0,945.0,16083481
2025-09-04,945.610107421875,961.25,965.7000122070312,956.25,960.2000122070312,17597657
2025-09-05,947.7251586914062,963.4000244140625,967.5,954.0499877929688,967.5,11602111
2025-09-08,950.2828369140625,966.0,973.1500244140625,960.4500122070312,969.0,11711307
2025-09-09,949.4467163085938,965.1500244140625,974.4000244140625,962.7000122070312,974.0,13985539
2025-09-10,950.1845092773438,965.9000244140625,973.9000244140625,961.7000122070312,973.9000244140625,18091100
2025-09-11,952.0535278320312,967.7999877929688,969.25,959.9000244140625,960.2999877929688,15113633
2025-09-12,951.5617065429688,967.2999877929688,970.75,962.25,969.9000244140625,14363519
2025-09-15,951.3157348632812,967.0499877929688,972.3499755859375,965.0,969.5999755859375,14486377
2025-09-16,951.1190185546875,966.8499755859375,969.3499755859375,961.2000122070312,961.2000122070312,18661794
2025-09-17,950.7747192382812,966.5,974.4000244140625,964.3499755859375,965.1500244140625,17361476
2025-09-18,961.0055541992188,976.9000244140625,979.6500244140625,969.25,973.2999877929688,17791598
2025-09-19,951.168212890625,966.9000244140625,976.7000122070312,962.0999755859375,974.9000244140625,31243267
2025-09-22,948.5121459960938,964.2000122070312,971.2000122070312,961.9500122070312,964.0,10854415
2025-09-23,941.6260375976562,957.2000122070312,968.2000122070312,955.5,967.0,21022298
2025-09-24,935.5761108398438,951.0499877929688,956.4500122070312,943.0,952.2000122070312,15117220
2025-09-25,934.3955688476562,949.8499755859375,958.0,947.4000244140625,952.5,31413279
2025-09-26,929.6737060546875,945.0499877929688,951.4500122070312,941.2999877929688,945.0999755859375,14874656
2025-09-29,934.8382568359375,950.2999877929688,956.7999877929688,939.0999755859375,946.0499877929688,32398179
2025-09-30,935.5269165039062,951.0,960.0,946.2999877929688,958.0499877929688,28296687
2025-10-01,949.5450439453125,965.25,969.5999755859375,946.0,952.7000122070312,25350832
2025-10-03,949.4467163085938,965.1500244140625,966.75,952.0,952.0,26658296
2025-10-06,957.6116333007812,973.4500122070312,977.4000244140625,962.0,971.9000244140625,18542683
2025-10-07,966.514404296875,982.5,989.8499755859375,971.0,974.0,25535736
2025-10-08,962.7762451171875,978.7000122070312,985.9000244140625,974.5499877929688,976.0,15939710
2025-10-09,961.2022094726562,977.0999755859375,979.0,970.1500244140625,974.5,15370950
2025-10-10,964.9404296875,980.9000244140625,986.2000122070312,978.0999755859375,979.0,13757080
2025-10-13,961.1038818359375,977.0,981.0,972.0,974.2999877929688,18634254
2025-10-14,961.25146484375,977.1500244140625,980.4500122070312,967.0,970.0,22934382
2025-10-15,962.3335571289062,978.25,984.9000244140625,973.3499755859375,975.0,23310447
2025-10-16,978.1715698242188,994.3499755859375,996.5999755859375,981.5,982.6500244140625,22936566
2025-10-17,986.2381591796875,1002.5499877929688,1009.0,986.0,993.9500122070312,25210511
2025-10-20,986.6316528320312,1002.9500122070312,1020.0,997.0,997.0,22195202
2025-10-21,991.3043823242188,1007.7000122070312,1010.0,1004.0,1006.0,3471600
2025-10-23,992.386474609375,1008.7999877929688,1020.5,1006.0,1016.0,43526526
2025-10-24,978.5650634765625,994.75,1011.9500122070312,991.2999877929688,1011.0,17707768
2025-10-27,986.6316528320312,1002.9500122070312,1009.0499877929688,996.2000122070312,996.5,15700796
2025-10-28,987.2218627929688,1003.5499877929688,1008.0,995.0,997.6500244140625,33904289
2025-10-29,991.451904296875,1007.8499755859375,1012.5,1000.0,1004.9000244140625,17769445
2025-10-30,981.9097900390625,998.1500244140625,1009.5,997.0999755859375,1000.0,19962917
2025-10-31,971.2362670898438,987.2999877929688,1004.4500122070312,981.1500244140625,994.0,23221330
2025-11-03,976.499267578125,992.6500244140625,994.5499877929688,983.2999877929688,985.0,16607180
2025-11-04,969.2196655273438,985.25,997.0,983.7000122070312,987.0,20024544
2025-11-06,968.6294555664062,984.6500244140625,991.0499877929688,974.0,981.0,22279516
2025-11-07,966.317626953125,982.2999877929688,984.9000244140625,974.75,980.0,15004568
2025-11-10,968.4818725585938,984.5,990.9500122070312,980.2000122070312,982.2999877929688,15988262
2025-11-11,975.564697265625,991.7000122070312,993.5,978.0,983.5,10200530
2025-11-12,973.4005126953125,989.5,999.0,987.7000122070312,998.7999877929688,13137263
2025-11-13,970.596923828125,986.6500244140625,990.0999755859375,982.5999755859375,984.0,14124839
2025-11-14,973.4988403320312,989.5999755859375,991.6500244140625,976.0499877929688,976.0499877929688,21386965
2025-11-17,980.3357543945312,996.5499877929688,997.9500122070312,985.5999755859375,991.25,18396408
2025-11-18,976.302490234375,992.4500122070312,999.0,990.0,997.6500244140625,20002640
2025-11-19,978.41748046875,994.5999755859375,996.5499877929688,984.0,990.0,19813847
2025-11-20,992.4356689453125,1008.8499755859375,1011.5999755859375,992.4500122070312,995.2999877929688,19850865
2025-11-21,981.8114013671875,998.0499877929688,1008.2999877929688,996.5499877929688,1003.0999755859375,17499897
2025-11-24,982.8934936523438,999.1500244140625,1011.4500122070312,993.5999755859375,1000.0,32204053
2025-11-25,973.6956176757812,989.7999877929688,1006.0999755859375,988.4000244140625,1004.0,24989383
2025-11-26,987.5662231445312,1003.9000244140625,1006.9500122070312,981.2999877929688,981.2999877929688,19494356
2025-11-27,993.0750732421875,1009.5,1016.7999877929688,1001.0,1002.0999755859375,25536848
2025-11-28,991.2059936523438,1007.5999755859375,1012.0499877929688,1004.2000122070312,1007.0,15988807
2025-12-01,985.7954711914062,1002.0999755859375,1017.5,999.2999877929688,1017.5,16746566
2025-12-02,973.6956176757812,989.7999877929688,994.4000244140625,985.0,988.0,27316662
2025-12-03,984.2214965820312,1000.5,1002.2999877929688,986.0,986.0,15448777
2025-12-04,980.9752197265625,997.2000122070312,1004.7000122070312,993.0,1000.0,14528169
2025-12-05,986.9759521484375,1003.2999877929688,1008.0,990.2000122070312,992.0,12843366
2025-12-08,986.7791748046875,1003.0999755859375,1006.5,997.5,1000.0,12901022
2025-12-09,980.8768310546875,997.0999755859375,1002.7999877929688,994.0,994.9000244140625,15294322
2025-12-10,973.6956176757812,989.7999877929688,998.5,985.2999877929688,997.5,15322830
2025-12-11,984.0247802734375,1000.2999877929688,1002.7000122070312,988.5,990.0,11844809
2025-12-12,985.2052612304688,1001.5,1004.7000122070312,998.2000122070312,1003.0,11988618
2025-12-15,979.89306640625,996.0999755859375,1001.7999877929688,992.0,992.0,9790060
2025-12-16,978.1223754882812,994.2999877929688,998.7000122070312,990.0999755859375,990.0999755859375,20049088
2025-12-17,967.989990234375,984.0,996.0,980.7999877929688,996.0,19080922
2025-12-18,963.7599487304688,979.7000122070312,987.4000244140625,973.2999877929688,973.2999877929688,14912404
2025-12-19,969.465576171875,985.5,988.0,978.7000122070312,987.0,25952384
2025-12-22,971.6298217773438,987.7000122070312,992.9000244140625,983.9000244140625,988.0,13540411
2025-12-23,980.3849487304688,996.5999755859375,998.9000244140625,987.7000122070312,990.5,17927849
2025-12-24,980.9752197265625,997.2000122070312,999.4000244140625,993.0,993.0,13699996
2025-12-26,975.9581909179688,992.0999755859375,997.2000122070312,987.7000122070312,996.0,9360853
2025-12-29,975.564697265625,991.7000122070312,997.4000244140625,987.2000122070312,993.0999755859375,13545749
2025-12-30,974.7777709960938,990.9000244140625,995.0,982.2000122070312,990.2000122070312,33155849
2025-12-31,975.0728759765625,991.2000122070312,997.5999755859375,987.5999755859375,991.0,10963454
